Code,Name,cpu-intel,cpu-amd,amd,intel,duoi-2trieu,2trieu-4trieu,4trieu-8trieu,tren-8trieu,intel-celeron-1-1,intel-pentium,intel-core-i3-1-1-1-1-1,intel-core-i5-1-1-1-1-1,intel-core-i7-1-1-1-1-1,intel-core-i9-1-1-1-1,intel-xeon-1-1-1,amd-athlon,amd-ryzen-3-1-1-1-1,amd-ryzen-5-1-1-1-1,amd-ryzen-7-1-1-1-1,amd-ryzen-9-1-1-1-1,amd-ryzen-threadripper-1,amd-ryzen-epyc,intel-cooper-lake,intel-comet-lake-s,intel-cascade-lake-x,intel-cascade-lake,intel-coffee-lake-1,intel-kaby-lake-1,intel-skylake-x-1,intel-skylake-w,intel-skylake-sp,intel-broadwell-e,intel-haswell-e,intel-ivy-bridge-ep,amd-ryzen-5000-series,amd-ryzen-3000-series-1,amd-ryzen-threadripper-3000-series,amd-ryzen-2000-series-1,amd-ryzen-epyc,lga-1200,lga-2011,lga-2011-v3,lga-1151,lga-1151-v2,lga-2066,lga-3647,amd-am4-1,amd-strx4-1,amd-sp3,lga-4189
CPUI263,"CPU Intel Xeon Silver 4110 (2.1GHz turbo up to 3.0GHz, 8 nhân, 16 luồng, 11MB Cache, 85W) - Socket Intel LGA 3647",Yes,No,No,Yes,No,No,No,Yes,No,No,No,No,No,No,Yes,No,No,No,No,No,No,No,No,No,No,No,No,No,No,No,Yes,No,No,No,No,No,No,No,No,No,No,No,No,No,No,Yes,No,No,No,No
CPUI363,"CPU Intel Core i9-10920X (3.5GHz turbo up to 4.6GHz, 12 nhân 24 luồng, 19.25MB Cache, 165W) - Socket Intel LGA 2066",Yes,No,No,Yes,No,No,No,Yes,No,No,No,No,No,Yes,No,No,No,No,No,No,No,No,No,No,Yes,No,No,No,No,No,No,No,No,No,No,No,No,No,No,No,No,No,No,No,Yes,No,No,No,No,No
CPUI307,"CPU Intel Core i9-9900X (3.5GHz turbo up to 4.4GHz, 10 nhân 20 luồng, 19.25MB Cache, 165W) - Socket Intel LGA 2066",Yes,No,No,Yes,No,No,No,Yes,No,No,No,No,No,Yes,No,No,No,No,No,No,No,No,No,No,No,No,No,No,Yes,No,No,No,No,No,No,No,No,No,No,No,No,No,No,No,Yes,No,No,No,No,No
CPUI316,"CPU Intel Core i9-9900KF (3.6GHz turbo up to 5.0GHz, 8 nhân 16 luồng, 16MB Cache, 95W) - Socket Intel LGA 1151-v2",Yes,No,No,Yes,No,No,No,Yes,No,No,No,No,No,Yes,No,No,No,No,No,No,No,No,No,No,No,No,Yes,No,No,No,No,No,No,No,No,No,No,No,No,No,No,No,No,Yes,No,No,No,No,No,No
CPUI364,"CPU Intel Core i9-10940X (3.3GHz turbo up to 4.6GHz, 14 nhân, 28 luồng, 19.25 MB Cache, 165W) - Socket Intel LGA 2066)",Yes,No,No,Yes,No,No,No,Yes,No,No,No,No,No,Yes,No,No,No,No,No,No,No,No,No,No,Yes,No,No,No,No,No,No,No,No,No,No,No,No,No,No,No,No,No,No,No,Yes,No,No,No,No,No
CPUI301,"CPU Intel Core i9-9900K (3.6GHz turbo up to 5.0GHz, 8 nhân 16 luồng, 16MB Cache, 95W) - Socket Intel LGA 1151-v2",Yes,No,No,Yes,No,No,No,Yes,No,No,No,No,No,Yes,No,No,No,No,No,No,No,No,No,No,No,No,Yes,No,No,No,No,No,No,No,No,No,No,No,No,No,No,No,No,Yes,No,No,No,No,No,No
CPUI382,"CPU Intel Core i5-10500 (3.1GHz turbo up to 4.5Ghz, 6 nhân 12 luồng, 12MB Cache, 65W) - Socket Intel LGA 1200",Yes,No,No,Yes,No,No,Yes,No,No,No,No,Yes,No,No,No,No,No,No,No,No,No,No,No,Yes,No,No,No,No,No,No,No,No,No,No,No,No,No,No,No,Yes,No,No,No,No,No,No,No,No,No,No
CPUI404,"CPU Intel Core i9-10900K Avengers Edition (3.7GHz turbo up to 5.3GHz, 10 nhân 20 luồng, 20MB Cache, 125W) - Socket Intel LGA 1200",Yes,No,No,Yes,No,No,No,Yes,No,No,No,No,No,Yes,No,No,No,No,No,No,No,No,No,Yes,No,No,No,No,No,No,No,No,No,No,No,No,No,No,No,Yes,No,No,No,No,No,No,No,No,No,No
CPUA246,"CPU AMD Ryzen 7 5800X (3.8 GHz Upto 4.7GHz / 36MB / 8 Cores, 16 Threads / 105W / Socket AM4)",No,Yes,Yes,No,No,No,No,Yes,No,No,No,No,No,No,No,No,No,No,Yes,No,No,No,No,No,No,No,No,No,No,No,No,No,No,No,Yes,No,No,No,No,No,No,No,No,No,No,No,Yes,No,No,No
CPUI302,"CPU Intel Xeon E-2136 (3.3 GHz turbo up to 4.5GHz, 6 nhân, 12 luồng, 12MB Cache, 80W) (Tray, No Fan) - Socket Intel LGA 1151-v2",Yes,No,No,Yes,No,No,Yes,No,No,No,No,No,No,No,Yes,No,No,No,No,No,No,No,No,No,No,No,Yes,No,No,No,No,No,No,No,No,No,No,No,No,No,No,No,No,Yes,No,No,No,No,No,No
CPUI395,"CPU Intel Core i5-10600 (3.3GHz turbo up to 4.8GHz, 6 nhân 12 luồng, 12MB Cache, 65W) - Socket Intel LGA 1200",Yes,No,No,Yes,No,No,Yes,No,No,No,No,Yes,No,No,No,No,No,No,No,No,No,No,No,Yes,No,No,No,No,No,No,No,No,No,No,No,No,No,No,No,Yes,No,No,No,No,No,No,No,No,No,No
CPUA229,"CPU AMD Ryzen 9 3900XT (3.8 GHz turbo upto 4.7GHz / 70MB / 12 Cores, 24 Threads / 105W / Socket AM4)",No,Yes,Yes,No,No,No,No,Yes,No,No,No,No,No,No,No,No,No,No,No,Yes,No,No,No,No,No,No,No,No,No,No,No,No,No,No,No,Yes,No,No,No,No,No,No,No,No,No,No,Yes,No,No,No
CPUA211,"CPU AMD Ryzen 3 3200G (3.6GHz turbo up to 4.0GHz, 4 nhân 4 luồng, 4MB Cache, Radeon Vega 8, 65W) - Socket AMD AM4",No,Yes,Yes,No,No,Yes,No,No,No,No,No,No,No,No,No,No,Yes,No,No,No,No,No,No,No,No,No,No,No,No,No,No,No,No,No,No,Yes,No,No,No,No,No,No,No,No,No,No,Yes,No,No,No
CPUI243,"CPU Intel Core i5-8400 (2.8GHz turbo up to 4.0GHz, 6 nhân 6 luồng, 9MB Cache, 65W) - Socket Intel LGA 1151 v2",Yes,No,No,Yes,No,No,Yes,No,No,No,No,No,No,No,No,No,No,No,No,No,No,No,No,No,No,No,No,No,No,No,No,No,No,No,No,No,No,No,No,No,No,No,No,No,No,No,No,No,No,No
CPUA247,"CPU AMD Ryzen 9 5900X (3.7 GHz Upto 4.8GHz / 70MB / 12 Cores, 24 Threads / 105W / Socket AM4)",No,Yes,Yes,No,No,No,No,Yes,No,No,No,No,No,No,No,No,No,No,No,Yes,No,No,No,No,No,No,No,No,No,No,No,No,No,No,Yes,No,No,No,No,No,No,No,No,No,No,No,Yes,No,No,No
CPUA212,"CPU AMD Ryzen 5 3400G (3.7GHz turbo up to 4.2GHz, 4 nhân 8 luồng, 4MB Cache, Radeon Vega 11, 65W) - Socket AMD AM4",No,Yes,Yes,No,No,Yes,No,No,No,No,No,No,No,No,No,No,No,Yes,No,No,No,No,No,No,No,No,No,No,No,No,No,No,No,No,No,Yes,No,No,No,No,No,No,No,No,No,No,Yes,No,No,No
CPUI406,"CPU Intel Core i5-10600K Avengers Edition (4.1GHz turbo up to 4.8GHz, 6 nhân 12 luồng, 12MB Cache, 125W) - Socket Intel LGA 1200",Yes,No,No,Yes,No,No,Yes,No,No,No,No,Yes,No,No,No,No,No,No,No,No,No,No,No,Yes,No,No,No,No,No,No,No,No,No,No,No,No,No,No,No,Yes,No,No,No,No,No,No,No,No,No,No
CPUI398,"CPU Intel Xeon W-1270P (3.8 GHz turbo up to 5.1GHz, 8 nhân 16 luồng, 16MB Cache, 125W) - Socket Intel LGA 1200",Yes,No,No,Yes,No,No,No,Yes,No,No,No,No,No,No,Yes,No,No,No,No,No,No,No,No,No,No,No,No,No,No,No,No,No,No,No,No,No,No,No,No,Yes,No,No,No,No,No,No,No,No,No,No
CPUA248,"CPU AMD Ryzen 9 5950X (3.4 GHz Upto 4.9GHz / 72MB / 16 Cores, 32 Threads / 105W / Socket AM4)",No,Yes,Yes,No,No,No,No,Yes,No,No,No,No,No,No,No,No,No,Yes,No,No,No,No,No,No,No,No,No,No,No,No,No,No,No,No,Yes,No,No,No,No,No,No,No,No,No,No,No,Yes,No,No,No
CPUI233,"CPU Intel Core i3-7100 (3.9GHz, 2 nhân  4 luồng, 3MB Cache, 51W) - Socket Intel LGA 1151",Yes,No,No,Yes,No,Yes,No,No,No,No,Yes,No,No,No,No,No,No,No,No,No,No,No,No,No,No,No,No,Yes,No,No,No,No,No,No,No,No,No,No,No,No,No,No,Yes,No,No,No,No,No,No,No
CPUA201,"CPU AMD Ryzen 7 2700 (3.2GHz turbo up to 4.1GHz, 8 nhân 16 luồng, 16MB Cache, 65W) - Socket AMD AM4",No,Yes,Yes,No,No,No,Yes,No,No,No,No,No,No,No,No,No,No,No,Yes,No,No,No,No,No,No,No,No,No,No,No,No,No,No,No,No,No,No,Yes,No,No,No,No,No,No,No,No,Yes,No,No,No
CPUI309,"CPU Intel Core i9-9940X (3.3GHz turbo up to 4.4GHz, 14 nhân 28 luồng, 19.25MB Cache, 165W) - Socket Intel LGA 2066",No,No,No,Yes,No,No,No,Yes,No,No,No,No,No,Yes,No,No,No,No,No,No,No,No,No,No,No,No,No,No,Yes,No,No,No,No,No,No,No,No,No,No,No,No,No,No,No,Yes,No,No,No,No,No
CPUA213,"CPU AMD Ryzen 5 3600 (3.6GHz turbo up to 4.2GHz, 6 nhân 12 luồng, 35MB Cache, 65W) -  Socket AMD AM4",No,Yes,Yes,No,No,No,Yes,No,No,No,No,No,No,No,No,No,No,Yes,No,No,No,No,No,No,No,No,No,No,No,No,No,No,No,No,No,Yes,No,No,No,No,No,No,No,No,No,No,Yes,No,No,No
CPUI376,"CPU Intel Core i7-10700K (3.8GHz turbo up to 5.1GHz, 8 nhân 16 luồng, 16MB Cache, 125W) - Socket Intel LGA 1200",Yes,No,No,Yes,No,No,No,Yes,No,No,No,No,Yes,No,No,No,No,No,No,No,No,No,No,Yes,No,No,No,No,No,No,No,No,No,No,No,No,No,No,No,Yes,No,No,No,No,No,No,No,No,No,No
CPUA214,"CPU AMD Ryzen 5 3600X (3.8GHz turbo up to 4.4GHz, 6 nhân 12 luồng, 32MB Cache, 95W) - Socket AMD AM4",No,Yes,Yes,No,No,No,Yes,No,No,No,No,No,No,No,No,No,No,Yes,No,No,No,No,No,No,No,No,No,No,No,No,No,No,No,No,No,Yes,No,No,No,No,No,No,No,No,No,No,Yes,No,No,No
CPUI377,"CPU Intel Core i7-10700KF (3.8GHz turbo up to 5.1Ghz, 8 nhân 16 luồng, 16MB Cache, 125W) - Socket Intel LGA 1200",Yes,No,No,Yes,No,No,No,Yes,No,No,No,No,Yes,No,No,No,No,No,No,No,No,No,No,Yes,No,No,No,No,No,No,No,No,No,No,No,No,No,No,No,Yes,No,No,No,No,No,No,No,No,No,No
CPUI400,"CPU Intel Xeon W-1250P (4.1 GHz turbo up to 4.8 GHz, 6 nhân 12 luồng, 12MB Cache, 125W) - Socket Intel LGA 1200",Yes,No,No,Yes,No,No,No,Yes,No,No,No,No,No,No,Yes,No,No,No,No,No,No,No,No,No,No,No,No,No,No,No,No,No,No,No,No,No,No,No,No,Yes,No,No,No,No,No,No,No,No,No,No
CPUI241,"CPU Intel Core i3-8100 (3.6GHz, 4 nhân, 4 luồng, 6MB Cache, 65W) - Socket Intel LGA 1151-v2",Yes,No,No,Yes,No,Yes,No,No,No,No,Yes,No,No,No,No,No,No,No,No,No,No,No,No,No,No,No,Yes,No,No,No,No,No,No,No,No,No,No,No,No,No,No,No,No,Yes,No,No,No,No,No,No
CPUI283,"CPU Intel Pentium Gold G5400 (3.7GHz, 2 nhân 4 luồng, 4MB Cache, 58W) - Socket Intel LGA 1151-v2",Yes,No,No,Yes,Yes,No,No,No,No,Yes,No,No,No,No,No,No,No,No,No,No,No,No,No,No,No,No,Yes,No,No,No,No,No,No,No,No,No,No,No,No,No,No,No,No,Yes,No,No,No,No,No,No
CPUI313,"CPU Intel Core i5-9400F (2.9GHz turbo up to 4.1GHz, 6 nhân 6 luồng, 9MB Cache, 65W) - Socket Intel LGA 1151-v2 ",Yes,No,No,Yes,No,Yes,No,No,No,No,No,Yes,No,No,No,No,No,No,No,No,No,No,No,No,No,No,Yes,No,No,No,No,No,No,No,No,No,No,No,No,No,No,No,No,Yes,No,No,No,No,No,No
CPUA215,"CPU AMD Ryzen 7 3700X (3.6GHz turbo up to 4.4GHz, 8 nhân 16 luồng, 32MB Cache, 65W) - Socket AMD AM4",No,Yes,Yes,No,No,No,No,Yes,No,No,No,No,No,No,No,No,No,No,Yes,No,No,No,No,No,No,No,No,No,No,No,No,No,No,No,No,Yes,No,No,No,No,No,No,No,No,No,No,Yes,No,No,No
CPUI387,"CPU Intel Pentium Gold G6400 (4.0GHz, 2 nhân 4 luồng, 4MB Cache, 58W) - Socket Intel LGA 1200)",Yes,No,No,Yes,Yes,No,No,No,No,Yes,No,No,No,No,No,No,No,No,No,No,No,No,No,Yes,No,No,No,No,No,No,No,No,No,No,No,No,No,No,No,Yes,No,No,No,No,No,No,No,No,No,No
CPUI393,"CPU Intel Core i7-10700 (2.9GHz turbo up to 4.8GHz, 8 nhân 16 luồng, 16MB Cache, 65W) - Socket Intel LGA 1200",Yes,No,No,Yes,No,No,No,Yes,No,No,No,No,Yes,No,No,No,No,No,No,No,No,No,No,Yes,No,No,No,No,No,No,No,No,No,No,No,No,No,No,No,Yes,No,No,No,No,No,No,No,No,No,No
CPUA223,"CPU AMD Ryzen 9 3950X (3.5GHz turbo up to 4.7GHz, 16 nhân 32 luồng, 72MB Cache, 105W) - Socket AMD AM4",No,Yes,Yes,No,No,No,No,Yes,No,No,No,No,No,No,No,No,No,No,No,Yes,No,No,No,No,No,No,No,No,No,No,No,No,No,No,No,Yes,No,No,No,No,No,No,No,No,No,No,Yes,No,No,No
CPUI390,"CPU Intel Pentium Gold G5420 (3.8GHz, 2 nhân 4 luồng, 4MB Cache, 54W) - Socket Intel LGA 1151)",No,No,No,Yes,Yes,No,No,No,No,Yes,No,No,No,No,No,No,No,No,No,No,No,No,No,No,No,No,Yes,No,No,No,No,No,No,No,No,No,No,No,No,No,No,No,No,Yes,No,No,No,No,No,No
CPUI394,"CPU Intel Core i7-10700F (2.9GHz turbo up to 4.8GHz, 8 nhân 16 luồng, 16MB Cache, 65W) - Socket Intel LGA 1200",No,No,No,Yes,No,No,No,Yes,No,No,No,No,Yes,No,No,No,No,No,No,No,No,No,No,Yes,No,No,No,No,No,No,No,No,No,No,No,No,No,No,No,Yes,No,No,No,No,No,No,No,No,No,No
CPUA226,"CPU AMD Athlon 3000G (3.5GHz, 2 nhân 4 luồng , 5MB Cache, 35W) - Socket AMD AM4",No,Yes,Yes,No,Yes,No,No,No,No,No,No,No,No,No,No,Yes,No,No,No,No,No,No,No,No,No,No,No,No,No,No,No,No,No,No,No,Yes,No,No,No,No,No,No,No,No,No,No,Yes,No,No,No
CPUA222,"CPU AMD Ryzen Threadripper 3960X (3.8GHz turbo up to 4.5GHz, 24 nhân 48 luồng, 140MB Cache, 280W) - Socket sTRX4",No,Yes,Yes,No,No,No,No,Yes,No,No,No,No,No,No,No,No,No,No,No,No,Yes,No,No,No,No,No,No,No,No,No,No,No,No,No,No,No,Yes,No,No,No,No,No,No,No,No,No,No,Yes,No,No
CPUA217,"CPU AMD Ryzen 9 3900X (3.8GHz turbo up to 4.6GHz, 12 nhân 24 luồng, 70MB Cache, 105W) - Socket AMD AM4",No,Yes,Yes,No,No,No,No,Yes,No,No,No,No,No,No,No,No,No,No,No,Yes,No,No,No,No,No,No,No,No,No,No,No,No,No,No,No,Yes,No,No,No,No,No,No,No,No,No,No,Yes,No,No,No
CPUI312,"CPU Intel Core i3-9100F (3.6Ghz, 4 nhân 4 luồng, 6MB Cache, 65W) - Socket Intel LGA 1151-v2",No,No,No,Yes,Yes,No,No,No,No,No,Yes,No,No,No,No,No,No,No,No,No,No,No,No,No,No,No,Yes,No,No,No,No,No,No,No,No,No,No,No,No,No,No,No,No,Yes,No,No,No,No,No,No
CPUI405,"CPU Intel Core i7-10700K Avengers Edition (3.8GHz turbo up to 5.1GHz, 8 nhân 16 luồng, 16MB Cache, 125W) - Socket Intel LGA 1200",No,No,No,No,No,No,No,Yes,No,No,No,No,Yes,No,No,No,No,No,No,No,No,No,No,Yes,No,No,No,No,No,No,No,No,No,No,No,No,No,No,No,Yes,No,No,No,No,No,No,No,No,No,No
CPUA224,"CPU AMD Ryzen 3 3100 (3.6GHz turbo up to 3.9GHz, 4 nhân 8 luồng, 16MB Cache, 65W) - Socket AMD AM4",No,Yes,Yes,No,No,Yes,No,No,No,No,No,No,No,No,No,No,Yes,No,No,No,No,No,No,No,No,No,No,No,No,No,No,No,No,No,No,Yes,No,No,No,No,No,No,No,No,No,No,Yes,No,No,No
CPUI327,"CPU Intel Xeon E-2236 (3.4GHz turbo up to 4.8GHz, 6 nhân, 12 luồng, 12 MB Cache, 80W) - Socket Intel LGA 1151-v2",Yes,No,No,Yes,No,No,Yes,No,No,No,No,No,No,No,Yes,No,No,No,No,No,No,No,No,No,No,No,Yes,No,No,No,No,No,No,No,No,No,No,No,No,No,No,No,No,Yes,No,No,No,No,No,No
CPUI372,"CPU Intel Core i9-9900 (3.1GHz turbo up to 5.0Ghz, 8 nhân 16 luồng, 16MB Cache, 65W) - LGA 1151-v2",No,No,No,Yes,No,No,No,Yes,No,No,No,No,No,Yes,No,No,No,No,No,No,No,No,No,No,No,No,Yes,No,No,No,No,No,No,No,No,No,No,No,No,No,No,No,No,Yes,No,No,No,No,No,No
CPUI290,"CPU Intel Xeon E-2136 (3.3GHz turbo up to 4.5GHz, 6 nhân, 12 luồng, 12MB Cache, 80W) - Socket Intel LGA 1151-v2",Yes,No,No,Yes,No,No,Yes,No,No,No,No,No,No,No,Yes,No,No,No,No,No,No,No,No,No,No,No,Yes,No,No,No,No,No,No,No,No,No,No,No,No,No,No,No,No,Yes,No,No,No,No,No,No
CPUI384,"CPU Intel Core i3-10100 (3.6GHz turbo up to 4.3Ghz, 4 nhân 8 luồng, 6MB Cache, 65W) - Socket Intel LGA 1200",No,No,No,Yes,No,Yes,No,No,No,No,Yes,No,No,No,No,No,No,No,No,No,No,No,No,Yes,No,No,No,No,No,No,No,No,No,No,No,No,No,No,No,Yes,No,No,No,No,No,No,No,No,No,No
CPUI374,"CPU Intel Core i9-10900K (3.7GHz turbo up to 5.3GHz, 10 nhân 20 luồng, 20MB Cache, 125W) - Socket Intel LGA 1200",Yes,No,No,Yes,No,No,No,Yes,No,No,No,No,No,Yes,No,No,No,No,No,No,No,No,No,Yes,No,No,No,No,No,No,No,No,No,No,No,No,No,No,No,Yes,No,No,No,No,No,No,No,No,No,No
CPUI330,"CPU Intel Xeon E5-2680 v3 (2.50GHz turbo up to 3.30GHz, 12 nhân, 24 luồng, 30MB Cache, 120W) - Socket Intel LGA 2011-v3 (Tray)",Yes,No,No,Yes,No,No,Yes,No,No,No,No,No,No,No,Yes,No,No,No,No,No,No,No,No,No,No,No,No,No,No,No,No,No,Yes,No,No,No,No,No,No,No,No,Yes,No,No,No,No,No,No,No,No
CPUI291,"CPU Intel Xeon E5 2678 V3 (2.5GHz, 12 nhân 24 luồng, 30MB Cache, 120W) - Socket Intel LGA 2011-v3 (T)",Yes,No,No,Yes,No,No,Yes,No,No,No,No,No,No,No,Yes,No,No,No,No,No,No,No,No,No,No,No,No,No,No,No,No,No,Yes,No,No,No,No,No,No,No,No,Yes,No,No,No,No,No,No,No,No
CPUI365,"CPU Intel Core i9-10980XE (3.0GHz turbo up to 4.6Ghz, 18 nhân 36 luồng, 24.75MB Cache, 165W) - Socket Intel LGA 2066",Yes,No,No,Yes,No,No,No,Yes,No,No,No,No,No,Yes,No,No,No,No,No,No,No,No,No,No,Yes,No,No,No,No,No,No,No,No,No,No,No,No,No,No,No,No,No,No,No,Yes,No,No,No,No,No
CPUI371,"CPU Intel Xeon Silver 4210 2.20 GHz / 13.75 MB / 10 Cores, 20 Threads / LGA3647 (TRAY)",Yes,No,No,Yes,No,No,No,Yes,No,No,No,No,No,No,Yes,No,No,No,No,No,No,No,No,No,No,No,No,No,No,No,No,No,No,No,No,No,No,No,No,No,No,No,No,No,No,Yes,No,No,No,No
CPUI407,"CPU Intel Core i3-10100F (3.6GHz turbo up to 4.3Ghz, 4 nhân 8 luồng, 6MB Cache, 65W) - Socket Intel LGA 1200",Yes,No,No,Yes,No,Yes,No,No,No,No,Yes,No,No,No,No,No,No,No,No,No,No,No,No,Yes,No,No,No,No,No,No,No,No,No,No,No,No,No,No,No,Yes,No,No,No,No,No,No,No,No,No,No
CPUI375,"CPU Intel Core i9-10900KF (3.7GHz turbo up to 5.3GHz, 10 nhân 20 luồng, 20MB Cache, 125W) - Socket Intel LGA 1200",Yes,No,No,Yes,No,No,No,Yes,No,No,No,No,No,Yes,No,No,No,No,No,No,No,No,No,Yes,No,No,No,No,No,No,No,No,No,No,No,No,No,No,No,Yes,No,No,No,No,No,No,No,No,No,No
CPUA227,"CPU AMD Ryzen 5 3600XT (3.8 GHz turbo upto 4.5GHz / 35MB / 6 Cores, 12 Threads / 95W / Socket AM4)",No,Yes,Yes,No,No,No,Yes,No,No,No,No,No,No,No,No,No,No,Yes,No,No,No,No,No,No,No,No,No,No,No,No,No,No,No,No,No,Yes,No,No,No,No,No,No,No,No,No,No,Yes,No,No,No
CPUA204,"CPU AMD Athlon 200GE (3.2GHz, 2 nhân 4 luồng, 4MB Cache, Radeon Vega 3, 35W) - Socket AMD AM4",No,Yes,Yes,No,Yes,No,No,No,No,No,No,No,No,No,No,Yes,No,No,No,No,No,No,No,No,No,No,No,No,No,No,No,No,No,No,No,No,No,Yes,No,No,No,No,No,No,No,No,Yes,No,No,No
CPUA220,"CPU AMD Ryzen 5 3500X (3.6GHz turbo up to 4.1GHz, 6 nhân 6 luồng, 32MB Cache, 65W) - Socket AMD AM4",No,Yes,Yes,No,No,Yes,No,No,No,No,No,No,No,No,No,No,No,Yes,No,No,No,No,No,No,No,No,No,No,No,No,No,No,No,No,No,Yes,No,No,No,No,No,No,No,No,No,No,Yes,No,No,No
CPUI391,"CPU Intel Core i9-10900 (2.8GHz turbo up to 5.2GHz, 10 nhân 20 luồng, 20MB Cache, 65W) - Socket Intel LGA 1200",Yes,No,No,Yes,No,No,No,Yes,No,No,No,No,No,Yes,No,No,No,No,No,No,No,No,No,Yes,No,No,No,No,No,No,No,No,No,No,No,No,No,No,No,Yes,No,No,No,No,No,No,No,No,No,No
CPUI295,"CPU Intel Core i3-9100 (3.6GHz turbo up to 4.2GHz, 4 nhân 4 luồng, 6MB Cache, 65W) - Socket Intel LGA 1151-v2 ",Yes,No,No,Yes,No,Yes,No,No,No,No,Yes,No,No,No,No,No,No,No,No,No,No,No,No,No,No,No,Yes,No,No,No,No,No,No,No,No,No,No,No,No,No,No,No,No,Yes,No,No,No,No,No,No
CPUA219,"CPU AMD Ryzen 5 3500 (3.6GHz turbo up to 4.1GHz, 6 nhân 6 luồng, 16MB Cache, 65W) - Socket AMD AM4",No,Yes,Yes,No,No,Yes,No,No,No,No,No,No,No,No,No,No,No,Yes,No,No,No,No,No,No,No,No,No,No,No,No,No,No,No,No,No,Yes,No,No,No,No,No,No,No,No,No,No,Yes,No,No,No
CPUI380,"CPU Intel Core i5-10400 (2.9GHz turbo up to 4.3GHz, 6 nhân 12 luồng, 12MB Cache, 65W) - Socket Intel LGA 1200",Yes,No,No,Yes,No,No,Yes,No,No,No,No,Yes,No,No,No,No,No,No,No,No,No,No,No,Yes,No,No,No,No,No,No,No,No,No,No,No,No,No,No,No,Yes,No,No,No,No,No,No,No,No,No,No
CPUI392,"CPU Intel Core i9-10900F (2.8GHz turbo up to 5.2GHz, 10 nhân 20 luồng, 20MB Cache, 65W) - Socket Intel LGA 1200",Yes,No,No,Yes,No,No,No,Yes,No,No,No,No,No,Yes,No,No,No,No,No,No,No,No,No,Yes,No,No,No,No,No,No,No,No,No,No,No,No,No,No,No,Yes,No,No,No,No,No,No,No,No,No,No
CPUA245,"CPU AMD Ryzen 5 5600X (3.7 GHz Upto 4.6GHz / 35MB / 6 Cores, 12 Threads / 65W / Socket AM4)",No,Yes,Yes,No,No,No,Yes,No,No,No,No,No,No,No,No,No,No,Yes,No,No,No,No,No,No,No,No,No,No,No,No,No,No,No,No,Yes,No,No,No,No,No,No,No,No,No,No,No,Yes,No,No,No
CPUI296,"CPU Intel Core i5-9400 (2.9GHz turbo up to 4.1GHz, 6 nhân 6 luồng, 9MB Cache, 65W) - Socket Intel LGA 1151-v2 ",Yes,No,No,Yes,No,No,Yes,No,No,No,No,Yes,No,No,No,No,No,No,No,No,No,No,No,No,No,No,Yes,No,No,No,No,No,No,No,No,No,No,No,No,No,No,No,No,Yes,No,No,No,No,No,No
CPUI331,"CPU Intel Core i7-9700F (3.0GHz turbo up to 4.7Ghz, 8 nhân 8 luồng, 12MB Cache, 65W) - Socket Intel LGA 1151-v2 ",Yes,No,No,Yes,No,No,Yes,No,No,No,No,No,Yes,No,No,No,No,No,No,No,No,No,No,No,No,No,Yes,No,No,No,No,No,No,No,No,No,No,No,No,No,No,No,No,Yes,No,No,No,No,No,No
CPUI381,"CPU Intel Core i5-10400F (2.9GHz turbo up to 4.3Ghz, 6 nhân 12 luồng, 12MB Cache, 65W) - Socket Intel LGA 1200",Yes,No,No,Yes,No,No,Yes,No,No,No,No,Yes,No,No,No,No,No,No,No,No,No,No,No,Yes,No,No,No,No,No,No,No,No,No,No,No,No,No,No,No,Yes,No,No,No,No,No,No,No,No,No,No
CPUI300,"CPU Intel Core i7-9700K (3.6GHz turbo up to 4.9GHz, 8 nhân 8 luồng, 12MB Cache, 95W) - Socket Intel LGA 1151-v2",Yes,No,No,Yes,No,No,No,Yes,No,No,No,No,Yes,No,No,No,No,No,No,No,No,No,No,No,No,No,Yes,No,No,No,No,No,No,No,No,No,No,No,No,No,No,No,No,Yes,No,No,No,No,No,No
CPUI378,"CPU Intel Core i5-10600K (4.1GHz turbo up to 4.8GHz, 6 nhân 12 luồng, 12MB Cache, 125W) - Socket Intel LGA 1200",Yes,No,No,Yes,No,No,Yes,No,No,No,No,Yes,No,No,No,No,No,No,No,No,No,No,No,Yes,No,No,No,No,No,No,No,No,No,No,No,No,No,No,No,Yes,No,No,No,No,No,No,No,No,No,No
CPUI403,"CPU Intel Core i9-10850K Avengers Edition (3.6GHz turbo up to 5.2GHz, 10 nhân 20 luồng, 20MB Cache, 95W) - Socket Intel LGA 1200",Yes,No,No,Yes,No,No,No,Yes,No,No,No,No,No,Yes,No,No,No,No,No,No,No,No,No,Yes,No,No,No,No,No,No,No,No,No,No,No,No,No,No,No,Yes,No,No,No,No,No,No,No,No,No,No
CPUI226,"CPU Intel Celeron G3950 (3.0GHz, 2 nhân, 2 luồng, 2MB Cache, 51W) - Socket Intel LGA 1151",Yes,No,No,Yes,Yes,No,No,No,Yes,No,No,No,No,No,No,No,No,No,No,No,No,No,No,No,No,No,No,Yes,No,No,No,No,No,No,No,No,No,No,No,No,No,No,Yes,No,No,No,No,No,No,No
CPUI262,"CPU Intel Xeon Silver 4108 (1.8GHz turbo up to 3.0GHz, 8 nhân, 16 luồng, 11MB Cache, 85W) - Socket Intel LGA 3647",Yes,No,No,Yes,No,No,No,No,No,No,No,No,No,No,Yes,No,No,No,No,No,No,No,No,No,No,No,No,No,No,No,Yes,No,No,No,No,No,No,No,No,No,No,No,No,No,No,Yes,No,No,No,No
CPUA199,"CPU AMD Ryzen 5 2600 (3.4GHz turbo up to 3.9GHz, 6 nhân 12 luồng, 16MB Cache, 65W) - Socket AMD AM4",No,Yes,Yes,No,No,Yes,No,No,No,No,No,No,No,No,No,No,No,Yes,No,No,No,No,No,No,No,No,No,No,No,No,No,No,No,No,No,No,No,Yes,No,No,No,No,No,No,No,No,Yes,No,No,No
CPUI303,"CPU Intel Xeon E-2146G (3.5GHz turbo up to 4.5GHz, 6 nhân, 12 luồng, 12MB Cache, 80W) (Tray, No Fan) - Socket Intel LGA 1151-v2 ",No,No,No,Yes,No,No,No,No,No,No,No,No,No,No,Yes,No,No,No,No,No,No,No,No,No,No,No,Yes,No,No,No,No,No,No,No,No,No,No,No,No,No,No,No,No,Yes,No,No,No,No,No,No
CPUI335,"CPU Intel Xeon Silver 4214 (2.2GHz turbo up to 3.2GHz, 12 nhân, 24 luồng, 16.5 MB Cache, 85W) - Socket Intel LGA 3647",No,No,No,Yes,No,No,No,No,No,No,No,No,No,No,Yes,No,No,No,No,No,No,No,No,No,No,Yes,No,No,No,No,No,No,No,No,No,No,No,No,No,No,No,No,No,No,No,Yes,No,No,No,No
CPUI351,"CPU Intel Xeon Platinum 8284 (3.0GHz turbo up to 4.0GHz, 28 nhân, 56 luồng, 38.5 MB Cache, 240W) - Socket Intel LGA 3647",No,No,No,Yes,Yes,No,No,No,No,No,No,No,No,No,Yes,No,No,No,No,No,No,No,No,No,No,Yes,No,No,No,No,No,No,No,No,No,No,No,No,No,No,No,No,No,No,No,Yes,No,No,No,No
CPUA234,"CPU AMD EPYC 7F52 (3.5GHz turbo up to 3.9GHz / 256MB / 16 Cores, 32 Threads / 240W / Socket SP3)",No,No,Yes,No,No,No,No,No,No,No,No,No,No,No,No,No,No,No,No,No,No,Yes,No,No,No,No,No,No,No,No,No,No,No,No,No,No,No,No,Yes,No,No,No,No,No,No,No,No,No,Yes,No
CPUI388,"CPU Intel Celeron G5920 (3.5GHz, 2 nhân 2 luồng, 2MB Cache, 58W) - Socket Intel LGA 1200)",Yes,No,No,No,Yes,No,No,No,Yes,No,No,No,No,No,No,No,No,No,No,No,No,No,No,Yes,No,No,No,No,No,No,No,No,No,No,No,No,No,No,No,Yes,No,No,No,No,No,No,No,No,No,No
CPUI397,"CPU Intel Xeon W-1290 (3.2 GHz turbo up to 5.2 GHz,10 nhân 20 luồng, 20MB Cache, 80W) - Socket Intel LGA 1200",Yes,No,No,No,No,No,No,No,No,No,No,No,No,No,Yes,No,No,No,No,No,No,No,No,No,No,No,No,No,No,No,No,No,No,No,No,No,No,No,No,Yes,No,No,No,No,No,No,No,No,No,No
CPUI329,"CPU Intel Core i7-9700 (3.0GHz turbo up to 4.7Ghz, 8 nhân 8 luồng, 12MB Cache, 65W) - Socket Intel LGA 1151-v2",Yes,No,No,Yes,No,No,Yes,No,No,No,No,No,Yes,No,No,No,No,No,No,No,No,No,No,No,No,No,Yes,No,No,No,No,No,No,No,No,No,No,No,No,No,No,No,No,Yes,No,No,No,No,No,No
CPUA200,"CPU AMD Ryzen 5 2600X (3.6GHz turbo up to 4.2GHz, 6 nhân 12 luồng, 16MB Cache, 95W) - Socket AMD AM4 ",No,Yes,Yes,No,No,No,Yes,No,No,No,No,No,No,No,No,No,No,Yes,No,No,No,No,No,No,No,No,No,No,No,No,No,No,No,No,No,No,No,Yes,No,No,No,No,No,No,No,No,Yes,No,No,No
CPUI336,"CPU Intel Xeon Silver 4215 (2.5GHz turbo up to 3.5GHz, 8 nhân, 16 luồng, 11 MB Cache, 85W) - Socket Intel LGA 3647",No,No,No,Yes,No,No,No,No,No,No,No,No,No,No,Yes,No,No,No,No,No,No,No,No,No,No,Yes,No,No,No,No,No,No,No,No,No,No,No,No,No,No,No,No,No,No,No,No,No,No,No,No
CPUI333,"CPU Intel Xeon Bronze 3204 (1.9GHz, 6 nhân, 6 luồng, 8.25 MB Cache, 85W) - Socket Intel LGA 3647",No,No,No,Yes,No,No,Yes,No,No,No,No,No,No,No,Yes,No,No,No,No,No,No,No,No,No,No,Yes,No,No,No,No,No,No,No,No,No,No,No,No,No,No,No,No,No,No,No,Yes,No,No,No,No
CPUI349,"CPU Intel Xeon Gold 6240 (2.6GHz turbo up to 3.9GHz, 18 nhân, 36 luồng, 24.75 MB cache, 150W) - Socket Intel LGA 3647",No,No,No,Yes,No,No,No,No,No,No,No,No,No,No,Yes,No,No,No,No,No,No,No,No,No,No,Yes,No,No,No,No,No,No,No,No,No,No,No,No,No,No,No,No,No,No,No,Yes,No,No,No,No
CPUA239,"CPU AMD EPYC 7302 (3.0GHz turbo up to 3.3GHz / 128MB / 16 Cores, 32 Threads / 155W / Socket SP3)",No,Yes,Yes,No,No,No,No,No,No,No,No,No,No,No,No,No,No,No,No,No,No,Yes,No,No,No,No,No,No,No,No,No,No,No,No,No,No,No,No,Yes,No,No,No,No,No,No,No,No,No,Yes,No
CPUA243,"CPU AMD EPYC 7742 (2.25GHz turbo up to 3.4GHz / 256MB / 64 Cores, 128 Threads / 225W / Socket SP3)",No,Yes,Yes,No,No,No,No,No,No,No,No,No,No,No,No,No,No,No,No,No,No,Yes,No,No,No,No,No,No,No,No,No,No,No,No,No,No,No,No,Yes,No,No,No,No,No,No,No,No,No,Yes,No
CPUI261,"CPU Intel Xeon Bronze 3106 (1.7GHz, 8 nhân, 8 luồng, 11MB Cache, 85W) - Socket Intel LGA 3647",No,No,No,Yes,No,No,No,No,No,No,No,No,No,No,No,No,No,No,No,No,No,No,No,No,No,No,No,No,No,No,Yes,No,No,No,No,No,No,No,No,No,No,No,No,No,No,Yes,No,No,No,No
CPUI279,"CPU Intel Pentium Gold G5500 (3.8Ghz, 2 nhân 4 luồng, 4MB Cache, 51W) - Socket Intel LGA 1151-v2",No,No,No,Yes,Yes,No,No,No,No,Yes,No,No,No,No,No,No,No,No,No,No,No,No,No,No,No,No,Yes,No,No,No,No,No,No,No,No,No,No,No,No,No,No,No,No,Yes,No,No,No,No,No,No
CPUI366,"CPU Intel Celeron G4900 (3.1GHz, 2 nhân 2 luồng, 2MB Cache, 54W) - Socket Intel LGA 1151-v2",No,No,No,Yes,Yes,No,No,No,Yes,No,No,No,No,No,No,No,No,No,No,No,No,No,No,No,No,No,Yes,No,No,No,No,No,No,No,No,No,No,No,No,No,No,No,No,Yes,No,No,No,No,No,No
CPUI334,"CPU Intel Xeon Silver 4210 (2.2GHz turbo up to 3.2GHz, 10 nhân, 20 luồng, 13.75 MB Cache, 85W) - Socket Intel LGA 3647",No,No,No,Yes,No,No,No,No,No,No,No,No,No,No,Yes,No,No,No,No,No,No,No,No,No,No,Yes,No,No,No,No,No,No,No,No,No,No,No,No,No,No,No,No,No,No,No,Yes,No,No,No,No
CPUI350,"CPU Intel Xeon Gold 6244 (3.6GHz turbo up to 4.4GHz, 8 nhân, 16 luồng, 24.75 MB Cache, 150W) - Socket Intel LGA 3647",No,No,No,Yes,No,No,No,No,No,No,No,No,No,No,Yes,No,No,No,No,No,No,No,No,No,No,Yes,No,No,No,No,No,No,No,No,No,No,No,No,No,No,No,No,No,No,No,Yes,No,No,No,No
CPUA233,"CPU AMD EPYC 7F32 (3.7GHz turbo up to 3.9GHz / 128MB / 8 Cores, 16 Threads / 180W / Socket SP3)",No,Yes,Yes,No,No,No,No,No,No,No,No,No,No,No,No,No,No,No,No,No,No,Yes,No,No,No,No,No,No,No,No,No,No,No,No,No,No,No,No,Yes,No,No,No,No,No,No,No,No,No,Yes,No
CPUA241,"CPU AMD EPYC 7542 (2.9GHz turbo up to 3.4GHz / 128MB / 32 Cores, 64 Threads / 225W / Socket SP3)",No,Yes,Yes,No,No,No,No,No,No,No,No,No,No,No,No,No,No,No,No,No,No,Yes,No,No,No,No,No,No,No,No,No,No,No,No,No,No,No,No,Yes,No,No,No,No,No,No,No,No,No,Yes,No
CPUI373,"CPU Intel Xeon W-2145 (3.7 GHz / 11MB / 8 Cores, 16 Threads / Socket R4 (LGA2066)) (Tray)",Yes,No,No,No,No,No,No,No,No,No,No,No,No,No,Yes,No,No,No,No,No,No,No,No,No,No,No,No,No,No,Yes,No,No,No,No,No,No,No,No,No,No,No,No,No,No,Yes,No,No,No,No,No
CPUI352,"CPU Intel Xeon Platinum 8274 (3.2GHz turbo up to 4.0GHz, 24 nhân, 48 luồng, 35.75 MB Cache, 240W) - Socket Intel LGA 3647",No,No,No,Yes,No,No,No,No,No,No,No,No,No,No,Yes,No,No,No,No,No,No,No,No,No,No,Yes,No,No,No,No,No,No,No,No,No,No,No,No,No,No,No,No,No,No,No,Yes,No,No,No,No
CPUI419,"CPU Intel Xeon Platinum 8380HL (2.9 GHz turbo up to 4.3 GHz, 28 nhân 56 luồng, 38.5 MB Cache, 250 W) - Socket Intel LGA 4189",No,No,No,No,No,No,No,No,No,No,No,No,No,No,Yes,No,No,No,No,No,No,No,Yes,No,No,No,No,No,No,No,No,No,No,No,No,No,No,No,No,No,No,No,No,No,No,No,No,No,No,Yes
CPUI389,"CPU Intel Celeron G5900 (3.4GHz, 2 nhân 2 luồng, 2MB Cache, 58W) - Socket Intel LGA 1200)",Yes,No,No,No,Yes,No,No,No,Yes,No,No,No,No,No,No,No,No,No,No,No,No,No,No,No,No,No,Yes,No,No,No,No,No,No,No,No,No,No,No,No,No,No,No,No,Yes,No,No,No,No,No,No
CPUI264,"CPU Intel Xeon Silver 4114 (2.2GHz turbo up to 3.0GHz, 10 nhân, 20 luồng, 13.75MB Cache, 85W) - Socket Intel LGA 3647",Yes,No,No,Yes,No,No,No,No,No,No,No,No,No,No,Yes,No,No,No,No,No,No,No,No,No,No,No,No,No,No,No,Yes,No,No,No,No,No,No,No,No,No,No,No,No,No,No,Yes,No,No,No,No
CPUI337,"CPU Intel Xeon Silver 4208 (2.1GHz turbo up to 3.2GHz, 8 nhân, 16 luồng, 11 MB Cache, 85W) - Socket Intel LGA 3647",No,No,No,Yes,No,No,No,Yes,No,No,No,No,No,No,Yes,No,No,No,No,No,No,No,No,No,No,Yes,No,No,No,No,No,No,No,No,No,No,No,No,No,No,No,No,No,No,No,No,No,No,No,No
CPUI353,"CPU Intel Xeon Platinum 8270 (2.7GHz turbo up to 4.0GHz, 26 nhân, 52 luồng, 35.75 MB cache, 205W) - Socket Intel LGA 3647",No,No,No,Yes,No,No,No,No,No,No,No,No,No,No,Yes,No,No,No,No,No,No,No,No,No,No,Yes,No,No,No,No,No,No,No,No,No,No,No,No,No,No,No,No,No,No,No,Yes,No,No,No,No
CPUI418,"CPU Intel Xeon Platinum 8380H (2.9 GHz turbo up to 4.3 GHz, 28 nhân 56 luồng, 38.5 MB Cache, 250 W) - Socket Intel LGA 4189",No,No,No,No,No,No,No,No,No,No,No,No,No,No,Yes,No,No,No,No,No,No,No,Yes,No,No,No,No,No,No,No,No,No,No,No,No,No,No,No,No,No,No,No,No,No,No,No,No,No,No,Yes
CPUI385,"CPU Intel Pentium Gold G6600 (4.2GHz, 2 nhân 4 luồng, 4MB Cache, 58W) - Socket Intel LGA 1200)",Yes,No,No,No,Yes,No,No,No,No,Yes,No,No,No,No,No,No,No,No,No,No,No,No,No,Yes,No,No,No,No,No,No,No,No,No,No,No,No,No,No,No,Yes,No,No,No,No,No,No,No,No,No,No
CPUI399,"CPU Intel Xeon W-1270 (3.4 GHz turbo up to 5.0 GHz, 8 nhân 16 luồng, 16MB Cache, 80W) - Socket Intel LGA 1200",No,No,No,No,No,No,No,No,No,No,No,No,No,No,No,No,No,No,No,No,No,No,No,No,No,No,No,No,No,No,No,No,No,No,No,No,No,No,No,No,No,No,No,No,No,No,No,No,No,No
CPUA244,"CPU AMD Ryzen Threadripper 3990X (2.9GHz turbo up to 4.3GHz, 64 nhân 128 luồng, 292MB Cache, 280W) - Socket sTRX4",No,No,Yes,No,No,No,No,Yes,No,No,No,No,No,No,No,No,No,No,No,No,No,No,No,No,No,No,No,No,No,No,No,No,No,No,No,No,No,No,No,No,No,No,No,No,No,No,No,No,No,No
CPUA198,"CPU AMD Ryzen 5 2400G (3.6GHz turbo up to 3.9GHz, 4 nhân 8 luồng, 4MB Cache, Radeon Vega 11, 65W) - Socket AMD AM4",No,Yes,No,No,No,Yes,No,No,No,No,No,No,No,No,No,No,No,Yes,No,No,No,No,No,No,No,No,No,No,No,No,No,No,No,No,No,No,No,Yes,No,No,No,No,No,No,No,No,Yes,No,No,No
CPUI265,"CPU Intel Xeon Gold 5118 (2.3GHz turbo up to 3.2GHz, 12 nhân, 24 luồng, 16.5MB Cache, 105W) - Socket Intel LGA 3647",Yes,No,No,Yes,No,No,No,No,No,No,No,No,No,No,Yes,No,No,No,No,No,No,No,No,No,No,No,No,No,No,No,Yes,No,No,No,No,No,No,No,No,No,No,No,No,No,No,Yes,No,No,No,No
CPUA202,"CPU AMD Ryzen 7 2700X (3.7GHz turbo up to 4.3GHz, 8 nhân 16 luồng, 16MB Cache, 105W) - Socket AMD AM4",No,Yes,Yes,No,No,No,Yes,No,No,No,No,No,No,No,No,No,No,No,Yes,No,No,No,No,No,No,No,No,No,No,No,No,No,No,No,No,No,No,Yes,No,No,No,No,No,No,No,No,Yes,No,No,No
CPUI311,"CPU Intel Core i9-9980XE Extreme Edition (3.0GHz turbo up to 4.4GHz, 18 nhân 36 luồng, 24.75MB Cache, 165W) - Socket Intel LGA 2066",No,No,No,Yes,No,No,No,No,No,No,No,No,No,Yes,No,No,No,No,No,No,No,No,No,No,No,No,No,No,Yes,No,No,No,No,No,No,No,No,No,No,No,No,No,No,No,Yes,No,No,No,No,No
CPUI338,"CPU Intel Xeon Silver 4216 (2.1GHz turbo up to 3.2GHz, 16 nhân, 32 luồng, 22 MB Cache, 100W) - Socket Intel LGA 3647",No,No,No,Yes,No,No,No,Yes,No,No,No,No,No,No,Yes,No,No,No,No,No,No,No,No,No,No,Yes,No,No,No,No,No,No,No,No,No,No,No,No,No,No,No,No,No,No,No,Yes,No,No,No,No
CPUI354,"CPU Intel Xeon Platinum 8268 (2.9GHz turbo up to 3.9GHz, 24 nhân, 48 luồng, 35.75 MB Cache, 205W) - Socket Intel LGA 3647",Yes,No,No,Yes,No,No,No,Yes,No,No,No,No,No,No,Yes,No,No,No,No,No,No,No,No,No,No,Yes,No,No,No,No,No,No,No,No,No,No,No,No,No,No,No,No,No,No,No,Yes,No,No,No,No
CPUI268,"CPU Intel Xeon Gold 6148 (2.4GHz turbo up to 3.7GHz, 20 nhân, 40 luồng, 27.5MB Cache, 150W) - Socket Intel LGA 3647",Yes,No,No,Yes,No,No,No,Yes,No,No,No,No,No,No,Yes,No,No,No,No,No,No,No,No,No,No,No,No,No,No,No,Yes,No,No,No,No,No,No,No,No,No,No,No,No,No,No,Yes,No,No,No,No
CPUI286,"CPU Intel Xeon E-2126G (3.3GHz turbo up to 4.5GHz, 6 nhân, 6 luồng, 12MB Cache, 80W) - Socket Intel LGA 1151-v2",Yes,No,No,Yes,No,No,Yes,No,No,No,No,No,No,No,Yes,No,No,No,No,No,No,No,No,No,No,No,Yes,No,No,No,No,No,No,No,No,No,No,No,No,No,No,No,No,Yes,No,No,No,No,No,No
CPUI341,"CPU Intel Xeon Gold 5220 (2.2GHz turbo up to 3.9GHz, 18 nhân, 36 luồng, 24.75 MB Cache, 125W) - Socket Intel LGA 3647",Yes,No,No,Yes,No,No,No,Yes,No,No,No,No,No,No,Yes,No,No,No,No,No,No,No,No,No,No,Yes,No,No,No,No,No,No,No,No,No,No,No,No,No,No,No,No,No,No,No,Yes,No,No,No,No
CPUI357,"CPU Intel Xeon Platinum 8260 (2.4GHz turbo up to 3.9GHz, 24 nhân, 48 luồng, 35.75 MB Cache, 165W) - Socket Intel LGA 3647",Yes,No,No,Yes,No,No,No,Yes,No,No,No,No,No,No,Yes,No,No,No,No,No,No,No,No,No,No,Yes,No,No,No,No,No,No,No,No,No,No,No,No,No,No,No,No,No,No,No,Yes,No,No,No,No
CPUI414,"CPU Intel Xeon Platinum 8353H (2.5 GHz turbo up to 3.8 GHz, 18 nhân 36 luồng, 24.75 MB Cache, 150 W) - Socket Intel LGA 4189",No,No,No,No,No,No,No,Yes,No,No,No,No,No,No,Yes,No,No,No,No,No,No,No,Yes,No,No,No,No,No,No,No,No,No,No,No,No,No,No,No,No,No,No,No,No,No,No,No,No,No,No,Yes
CPUA221,"CPU AMD Ryzen Threadripper 3970X (3.7GHz turbo up to 4.5GHz, 32 nhân 64 luồng, 144MB Cache, 280W) - Socket sTRX4",No,Yes,No,No,No,No,No,No,No,No,No,No,No,No,No,No,No,No,No,No,Yes,No,No,No,No,No,No,No,No,No,No,No,No,No,No,No,Yes,No,No,No,No,No,No,No,No,No,No,Yes,No,No
CPUI252,"CPU Intel Xeon E5-2680 v2 (2.8GHz turbo up 3.6GHz, 10 nhân 20 luồng, 25MB Cache, 115W) - Socket Intel LGA 2011 (T, No Fan)",Yes,No,No,Yes,No,No,Yes,No,No,No,No,No,No,No,Yes,No,No,No,No,No,No,No,No,No,No,No,No,No,No,No,No,No,No,Yes,No,No,No,No,No,No,Yes,No,No,No,No,No,No,No,No,No
CPUI269,"CPU Intel Xeon Gold 6152 (2.1GHz turbo up to 3.7GHz, 22 nhân, 44 luồng, 30.25MB Cache, 140W) - Socket Intel LGA 3647",Yes,No,No,Yes,No,No,No,Yes,No,No,No,No,No,No,Yes,No,No,No,No,No,No,No,No,No,No,No,No,No,No,No,Yes,No,No,No,No,No,No,No,No,No,No,No,No,No,No,Yes,No,No,No,No
CPUI289,"CPU Intel Xeon E-2146G (3.5GHz turbo up to 4.5GHz, 6 nhân, 12 luồng, 12MB Cache, 80W) - Socket Intel LGA 1151-v2 ",Yes,No,No,Yes,No,No,No,No,No,No,No,No,No,No,Yes,No,No,No,No,No,No,No,No,No,No,No,Yes,No,No,No,No,No,No,No,No,No,No,No,No,No,No,No,No,Yes,No,No,No,No,No,No
CPUA209,"CPU AMD Athlon 240GE (3.5GHz, 2 nhân 4 luồng, 5MB Cache, Radeon Vega 3, 35W) - Socket AMD AM4 ",No,No,No,No,Yes,No,No,No,No,No,No,No,No,No,No,Yes,No,No,No,No,No,No,No,No,No,No,No,No,No,No,No,No,No,No,No,No,No,Yes,No,No,No,No,No,No,No,No,Yes,No,No,No
CPUI342,"CPU Intel Xeon Gold 6254 (3.1GHz turbo up to 4.0GHz, 18 nhân, 36 luồng, 24.75 MB Cache, 200W) - Socket Intel LGA 3647",Yes,No,No,Yes,No,No,No,Yes,No,No,No,No,No,No,Yes,No,No,No,No,No,No,No,No,No,No,Yes,No,No,No,No,No,No,No,No,No,No,No,No,No,No,No,No,No,No,No,Yes,No,No,No,No
CPUI288,"CPU Intel Xeon E-2176G (3.7GHz turbo up to 4.7GHz, 6 nhân, 12 luồng, 12MB Cache, 80W) - Socket Intel LGA 1151-v2",No,No,No,Yes,No,No,No,Yes,No,No,No,No,No,No,Yes,No,No,No,No,No,No,No,No,No,No,No,Yes,No,No,No,No,No,No,No,No,No,No,No,No,No,No,No,No,Yes,No,No,No,No,No,No
CPUI413,"CPU Intel Xeon Gold 6348H (2.3 GHz turbo up to 4.2 GHz, 24 nhân 48 luồng, 33 MB Cache, 165 W) - Socket Intel LGA 4189",Yes,No,No,No,No,No,No,Yes,No,No,No,No,No,No,Yes,No,No,No,No,No,No,No,Yes,No,No,No,No,No,No,No,No,No,No,No,No,No,No,No,No,No,No,No,No,No,No,No,No,No,No,Yes
CPUI383,"CPU Intel Core i3-10300 (3.7GHz turbo up to 4.4Ghz, 4 nhân 8 luồng, 8MB Cache, 65W) - Socket Intel LGA 1200",No,No,No,No,Yes,No,No,No,No,No,No,No,No,No,No,No,No,No,No,No,No,No,No,No,No,No,No,No,No,No,No,No,No,No,No,No,No,No,No,No,No,No,No,No,No,No,No,No,No,No
CPUA225,"CPU AMD Ryzen 3 3300X (3.8GHz turbo up to 4.3GHz, 4 nhân 8 luồng , 16MB Cache, 65W) - Socket AMD AM4",No,Yes,No,No,No,Yes,No,No,No,No,No,No,No,No,No,No,Yes,No,No,No,No,No,No,No,No,No,No,No,No,No,No,No,No,No,No,Yes,No,No,No,No,No,No,No,No,No,No,Yes,No,No,No
CPUA218,"CPU AMD Ryzen 3 2300X (3.5GHz turbo up to 4.0GHz, 4 nhân 4 luồng, 8MB Cache, 65W) - Socket AMD AM4",No,Yes,No,No,Yes,No,No,No,No,No,No,No,No,No,No,No,Yes,No,No,No,No,No,No,No,No,No,No,No,No,No,No,No,No,No,No,No,No,Yes,No,No,No,No,No,No,No,No,Yes,No,No,No
CPUI254,"CPU Intel Xeon W-2102 (2.9GHz, 4 nhân, 4 luồng, 8.25MB Cache, 120W) - Socket Intel LGA 2066",No,No,No,Yes,No,No,Yes,No,No,No,No,No,No,No,Yes,No,No,No,No,No,No,No,No,No,No,No,No,No,No,Yes,No,No,No,No,No,No,No,No,No,No,No,No,No,No,Yes,No,No,No,No,No
CPUI270,"CPU Intel Xeon Gold 6154 (3.0GHz turbo up to 3.7GHz, 18 nhân, 36 luồng, 24.75MB Cache, 200W) - Socket Intel LGA 3647",No,No,No,Yes,No,No,No,Yes,No,No,No,No,No,No,Yes,No,No,No,No,No,No,No,No,No,No,No,No,No,No,No,Yes,No,No,No,No,No,No,No,No,No,No,No,No,No,No,Yes,No,No,No,No
CPUI318,"CPU Intel Xeon W-3175X (3.1GHz turbo up to 3.8GHz, 28 nhân, 56 luồng, 38.5 MB Cache, 255W) - Socket Intel LGA 3647",Yes,No,No,Yes,No,No,No,Yes,No,No,No,No,No,No,Yes,No,No,No,No,No,No,No,No,No,No,No,No,No,Yes,No,No,No,No,No,No,No,No,No,No,No,No,No,No,No,No,Yes,No,No,No,No
CPUI326,"CPU Intel Xeon E-2234 (3.6GHz turbo up to 4.8GHz, 4 nhân, 8 luồng, 8 MB Cache, 71W) - Socket Intel LGA 1151-v2",Yes,No,No,Yes,No,No,Yes,No,No,No,No,No,No,No,Yes,No,No,No,No,No,No,No,No,No,No,No,Yes,No,No,No,No,No,No,No,No,No,No,No,No,No,No,No,No,Yes,No,No,No,No,No,No
CPUI343,"CPU Intel Xeon Gold 6226 (2.7GHz turbo up to 3.7GHz, 12 nhân, 24 luồng, 19.25 MB Cache, 125W) - Socket Intel LGA 3647",Yes,No,No,Yes,No,No,No,Yes,No,No,No,No,No,No,Yes,No,No,No,No,No,No,No,No,No,No,Yes,No,No,No,No,No,No,No,No,No,No,No,No,No,No,No,No,No,No,No,Yes,No,No,No,No
CPUI287,"CPU Intel Xeon E-2186G (3.8GHz turbo up to 4.7GHz, 6 nhân, 12 luồng, 12MB Cache, 95W) - Socket Intel LGA 1151-v2 ",Yes,No,No,Yes,No,No,No,Yes,No,No,No,No,No,No,Yes,No,No,No,No,No,No,No,No,No,No,No,Yes,No,No,No,No,No,No,No,No,No,No,No,No,No,No,No,No,Yes,No,No,No,No,No,No
CPUI412,"CPU Intel Xeon Gold 6328HL (2.8 GHz turbo up to 4.3 GHz, 16 nhân 32 luồng, 22 MB Cache, 165 W) - Socket Intel LGA 4189",Yes,No,No,No,No,No,No,Yes,No,No,No,No,No,No,Yes,No,No,No,No,No,No,No,Yes,No,No,No,No,No,No,No,No,No,No,No,No,No,No,No,No,No,No,No,No,No,No,No,No,No,No,Yes
CPUA232,"CPU AMD Ryzen 3 PRO 4350G MKP (3.8 GHz turbo upto 4.0GHz / 6MB / 4 Cores, 8 Threads / 65W / Socket AM4)",No,Yes,Yes,No,No,No,Yes,No,No,No,No,No,No,No,No,No,Yes,No,No,No,No,No,No,No,No,No,No,No,No,No,No,No,No,No,No,Yes,No,No,No,No,No,No,No,No,No,No,Yes,No,No,No
CPUI255,"CPU Intel Xeon W-2104 (3.2GHz, 4 nhân, 4 luồng, 8.25MB Cache, 120W) - Socket Intel LGA 2066",No,No,No,Yes,No,No,Yes,No,No,No,No,No,No,No,Yes,No,No,No,No,No,No,No,No,No,No,No,No,No,No,Yes,No,No,No,No,No,No,No,No,No,No,No,No,No,No,Yes,No,No,No,No,No
CPUI271,"CPU Intel Xeon Platinum 8168 (2.7GHz turbo up to 3.7GHz, 24 nhân, 48 luồng, 33MB Cache, 205W) - Socket Intel LGA 3647",No,No,No,Yes,No,No,No,Yes,No,No,No,No,No,No,Yes,No,No,No,No,No,No,No,No,No,No,No,No,No,No,No,Yes,No,No,No,No,No,No,No,No,No,No,No,No,No,No,Yes,No,No,No,No
CPUA208,"CPU AMD Athlon 220GE (3.4GHz, 2 nhân 4 luồng, 4MB Ccahe, Radeon Vega 3, 35W) - Socket AMD AM4 ",No,No,No,No,Yes,No,No,No,No,No,No,No,No,No,No,Yes,No,No,No,No,No,No,No,No,No,No,No,No,No,No,No,No,No,No,No,No,No,Yes,No,No,No,No,No,No,No,No,Yes,No,No,No
CPUI344,"CPU Intel Xeon Gold 6242 (2.8GHz turbo up to 3.9GHz, 16 nhân, 32 luồng, 22 MB cache, 150W) - Socket Intel LGA 3647",Yes,No,No,Yes,No,No,No,No,No,No,No,No,No,No,Yes,No,No,No,No,No,No,No,No,No,No,Yes,No,No,No,No,No,No,No,No,No,No,No,No,No,No,No,No,No,No,No,Yes,No,No,No,No
CPUI411,"CPU Intel Xeon Gold 6328H (2.8 GHz turbo up to 4.3 GHz, 16 nhân 32 luồng, 22 MB Cache, 165 W) - Socket Intel LGA 4189",Yes,No,No,No,No,No,No,Yes,No,No,No,No,No,No,Yes,No,No,No,No,No,No,No,Yes,No,No,No,No,No,No,No,No,No,No,No,No,No,No,No,No,No,No,No,No,No,No,No,No,No,No,Yes
CPUI209,"CPU Intel Xeon E5-2630 V4 (2.2GHz turbo up to 3.1GHz, 10 nhân, 20 luồng, 25MB Cache, 85W) - Socket Intel LGA 2011-v3 ",No,No,No,Yes,No,No,No,Yes,No,No,No,No,No,No,Yes,No,No,No,No,No,No,No,No,No,No,No,No,No,No,No,No,Yes,No,No,No,No,No,No,No,No,No,Yes,No,No,No,No,No,No,No,No
CPUI256,"CPU Intel Xeon W-2123 (3.6GHz turbo up to 3.9GHz, 4 nhân, 8 luồng, 8.25MB cache, 120W) - Socket Intel LGA 2066",No,No,No,Yes,No,No,No,Yes,No,No,No,No,No,No,Yes,No,No,No,No,No,No,No,No,No,No,No,No,No,No,Yes,No,No,No,No,No,No,No,No,No,No,No,No,No,No,Yes,No,No,No,No,No
CPUI272,"CPU Intel Xeon Platinum 8170 (2.1GHz turbo up to 3.7GHz, 26 nhân, 52 luồng, 35.75MB Cache, 165W) - Socket Intel LGA 3647",No,No,No,Yes,No,No,No,Yes,No,No,No,No,No,No,No,No,No,No,No,No,No,No,No,No,No,No,No,No,No,No,Yes,No,No,No,No,No,No,No,No,No,No,No,No,No,No,Yes,No,No,No,No
CPUI325,"CPU Intel Xeon E-2226G (3.4GHz turbo up to 4.7GHz, 6 nhân, 6 luồng, 12 MB Cache, 80W) - Socket Intel LGA 1151-v2",Yes,No,No,Yes,No,No,No,Yes,No,No,No,No,No,No,Yes,No,No,No,No,No,No,No,No,No,No,No,Yes,No,No,No,No,No,No,No,No,No,No,No,No,No,No,No,No,Yes,No,No,No,No,No,No
CPUI345,"CPU Intel Xeon Gold 6252 (2.1GHz turbo up to 3.7GHz, 24 nhân, 48 luồng, 35.75 MB Cache, 150W) - Socket Intel LGA 3647",Yes,No,No,Yes,No,No,No,Yes,No,No,No,No,No,No,Yes,No,No,No,No,No,No,No,No,No,No,Yes,No,No,No,No,No,No,No,No,No,No,No,No,No,No,No,No,No,No,No,Yes,No,No,No,No
CPUA235,"CPU AMD EPYC 7F72 (3.2GHz turbo up to 3.7GHz / 192MB / 24 Cores, 48 Threads / 240W / Socket SP3)",No,No,Yes,No,No,No,No,No,No,No,No,No,No,No,No,No,No,No,No,No,No,Yes,No,No,No,No,No,No,No,No,No,No,No,No,No,No,No,No,Yes,No,No,No,No,No,No,No,No,No,Yes,No
CPUI410,"CPU Intel Xeon Gold 5320H (2.4 GHz turbo up to 4.2 GHz, 20 nhân 40 luồng, 27.5 MB Cache, 150 W) - Socket Intel LGA 4189",Yes,No,No,No,No,No,No,No,No,No,No,No,No,No,Yes,No,No,No,No,No,No,No,Yes,No,No,No,No,No,No,No,No,No,No,No,No,No,No,No,No,No,No,No,No,No,No,No,No,No,No,Yes
CPUI379,"CPU Intel Core i5-10600KF (4.1GHz turbo up to 4.8GHz, 6 nhân 12 luồng, 12MB Cache, 125W) - Socket Intel LGA 1200",No,No,No,No,No,No,Yes,No,No,No,No,Yes,No,No,No,No,No,No,No,No,No,No,No,Yes,No,No,No,No,No,No,No,No,No,No,No,No,No,No,No,Yes,No,No,No,No,No,No,No,No,No,No
CPUA231,"CPU AMD Ryzen 5 PRO 4650G MPK (3.7 GHz turbo upto 4.2GHz / 11MB / 6 Cores, 12 Threads / 65W / Socket AM4)",No,Yes,Yes,No,No,No,Yes,No,No,No,No,No,No,No,No,No,No,Yes,No,No,No,No,No,No,No,No,No,No,No,No,No,No,No,No,No,Yes,No,No,No,No,No,No,No,No,No,No,Yes,No,No,No
CPUI211,"CPU Intel Xeon E5-2683 V3 (2.0GHz turbo up to 3.0GHz, 14 nhân 28 luồng, 35MB Cache, 120W) (Tray, No Fan) - Socket Intel LGA 2011-v3",No,No,No,Yes,No,No,No,Yes,No,No,No,No,No,No,Yes,No,No,No,No,No,No,No,No,No,No,No,No,No,No,No,No,No,Yes,No,No,No,No,No,No,No,No,Yes,No,No,No,No,No,No,No,No
CPUI257,"CPU Intel Xeon W-2133 (3.6GHz turbo up to 3.9GHz, 6 nhân, 12 luồng, 8.25MB Cache, 140W) - Socket Intel LGA 2066",No,No,No,Yes,No,No,No,Yes,No,No,No,No,No,No,Yes,No,No,No,No,No,No,No,No,No,No,No,No,No,No,Yes,No,No,No,No,No,No,No,No,No,No,No,No,No,No,Yes,No,No,No,No,No
