Code,Name,ram-ddr3,ram-ddr4,adata,antecmemory,avexir,axpro,corsair,gadmei,gigabyte,gskill,hp,kingmax,kingston,micron,siliconpower,team,duoi-2trieu,2trieu-4trieu,4trieu-8trieu,tren-8trieu,ddr3-1,ddr4-1,2gb-1-1,4gb-1-1-1-1,8gb-1-x-8gb,8gb-2-x-4gb,16gb-1-x-16gb,16gb-2-x-8gb,16gb-4-x-4gb,32gb-1-x-32gb,32gb-2-x-16gb,32gb-4-x-8gb,64gb-1-x-64gb,64gb-2-x-32gb,ddr3-1333-mhz,ddr3-1600-mhz,ddr4-2133-mhz,ddr4-2400-mhz,ddr4-2666-mhz,ddr4-2800-mhz,ddr4-3000-mhz,ddr4-3200-mhz,ddr4-3600-mhz,ddr4-4000-mhz,ram-ecc,ram-non-ecc,co-led,khong-co-led
RAAN020,Ram Desktop ANTECMEMORY 1S (AMD4UZ32661908G-1S) 8GB (1x8GB) DDR4 2666Mhz,No,Yes,No,Yes,No,No,No,No,No,No,No,No,No,No,No,No,Yes,No,No,No,No,Yes,No,No,Yes,No,No,No,No,No,No,No,No,No,No,No,No,No,Yes,No,No,No,No,No,No,Yes,No,Yes
RAAN001,RAM Desktop ANTECMEMORY 1S 8GB (1x8GB) 2400MHz,No,Yes,No,Yes,No,No,No,No,No,No,No,No,No,No,No,No,Yes,No,No,No,No,Yes,No,No,Yes,No,No,No,No,No,No,No,No,No,No,No,No,Yes,No,No,No,No,No,No,No,Yes,No,Yes
RAGS443,RAM Desktop Gskill Trident Z Neo (F4-3600C16D-16GTZNC) 16GB (2x8GB) DDR4 3600MHz,No,Yes,No,No,No,No,No,No,No,Yes,No,No,No,No,No,No,No,Yes,No,No,No,Yes,No,No,No,No,No,Yes,No,No,No,No,No,No,No,No,No,No,No,No,No,No,Yes,No,No,Yes,Yes,No
RAMI002,RAM desktop DDR4 Micron ECC 16GB/2133Mhz (ECC Registered),No,Yes,No,No,No,No,No,No,No,No,No,No,No,Yes,No,No,Yes,No,No,No,No,Yes,No,No,No,No,Yes,No,No,No,No,No,No,No,No,No,Yes,No,No,No,No,No,No,No,Yes,No,No,Yes
RAKT241,DDRam 4 Kingston ECC 16GB 2400Mhz - KSM24ED8/16ME,No,Yes,No,No,No,No,No,No,No,No,No,No,Yes,No,No,No,No,Yes,No,No,No,Yes,No,No,No,No,Yes,No,No,No,No,No,No,No,No,No,No,Yes,No,No,No,No,No,No,Yes,No,No,Yes
RAKT243,DDRam 4 Kingston ECC 32GB/2666 - KSM26RD4/32HAI Registered,No,Yes,No,No,No,No,No,No,No,No,No,No,Yes,No,No,No,No,No,Yes,No,No,Yes,No,No,No,No,No,No,No,Yes,No,No,No,No,No,No,No,No,Yes,No,No,No,No,No,Yes,No,No,Yes
RAKT137,RAM Desktop KINGSTON (KVR16N11S8/4) 4GB (1x4GB) DDR3 1600MHz,Yes,No,No,No,No,No,No,No,No,No,No,No,Yes,No,No,No,No,No,No,No,Yes,No,No,Yes,No,No,No,No,No,No,No,No,No,No,No,Yes,No,No,No,No,No,No,No,No,No,Yes,No,Yes
RASP013,RAM Desktop SILICON POWER 4G (1x4GB) DDR4 2400MHz,No,Yes,No,No,No,No,No,No,No,No,No,No,No,No,Yes,No,Yes,No,No,No,No,Yes,No,Yes,No,No,No,No,No,No,No,No,No,No,No,No,No,Yes,No,No,No,No,No,No,No,Yes,No,Yes
RAAN015,DDRam 4 ANTECMEMORY 8GB/2666 (1*8GB) 5S - RGB Led,No,Yes,No,Yes,No,No,No,No,No,No,No,No,No,No,No,No,No,No,No,No,No,Yes,No,No,No,No,No,No,No,No,No,No,No,No,No,No,No,No,Yes,No,No,No,No,No,No,Yes,Yes,No
RAAV170,Ram Desktop AVEXIR 1COR RGB (AVD4UZ330001608G-1CORGB) 8GB (1x8GB) DDR4 3000Mhz,No,Yes,No,No,Yes,No,No,No,No,No,No,No,No,No,No,No,No,No,No,No,No,Yes,No,No,Yes,No,No,No,No,No,No,No,No,No,No,No,No,No,No,No,Yes,No,No,No,No,Yes,Yes,No
RAGS447,RAM Desktop Gskill Trident Z RGB (F4-3600C19D-16GTZRB) 16GB (2x8GB) DDR4 3600MHz,No,No,No,No,No,No,No,No,No,Yes,No,No,No,No,No,No,No,Yes,No,No,No,Yes,No,No,No,No,No,Yes,No,No,No,No,No,No,No,No,No,No,No,No,No,No,Yes,No,No,Yes,Yes,No
RACO312,Ram laptop CORSAIR (CMSX8GX4M1A2400C16) 8GB (1x8GB) DDR4 2400MHz,No,No,No,No,No,No,Yes,No,No,No,No,No,No,No,No,No,Yes,No,No,No,No,No,No,No,No,No,No,No,No,No,No,No,No,No,No,No,No,No,No,No,No,No,No,No,No,No,No,No
RAKT141,RAM Kingston ECC 8GB DDR3 Bus 1600Mhz ,Yes,No,No,No,No,No,No,No,No,No,No,No,Yes,No,No,No,No,Yes,No,No,Yes,No,No,No,Yes,No,No,No,No,No,No,No,No,No,No,Yes,No,No,No,No,No,No,No,No,Yes,No,No,Yes
RASP014,RAM Desktop SILICON POWER 8G (1x8GB) DDR4 2400MHz,No,Yes,No,No,No,No,No,No,No,No,No,No,No,No,Yes,No,Yes,No,No,No,No,Yes,No,No,Yes,No,No,No,No,No,No,No,No,No,No,No,No,Yes,No,No,No,No,No,No,No,Yes,No,Yes
RAGS319,RAM Desktop Gskill Trident Z RGB (F4-3000C16D-32GTZR) 32GB (2x16GB) DDR4 3000MHz ,No,No,No,No,No,No,No,Yes,No,No,No,No,No,No,No,No,No,Yes,No,No,No,Yes,No,No,No,No,No,No,No,No,Yes,No,No,No,No,No,No,No,No,No,Yes,No,No,No,No,Yes,Yes,No
RAAD226,RAM Desktop ADATA XPG D10 Black (AX4U266638G16SBG) 8GB (1x8GB) DDR4 2666MHz,No,Yes,Yes,No,No,No,No,No,No,No,No,No,No,No,No,No,No,No,No,No,No,Yes,No,No,No,No,No,No,No,No,No,No,No,No,No,No,No,No,Yes,No,No,No,No,No,No,Yes,No,Yes
RAKT240,RAM Desktop KINGSTON HyperX Predator RGB (HX432C16PB3AK2/32) 32GB (2x16GB) DDR4 3200MHz,No,No,No,No,No,No,No,No,No,No,No,No,Yes,No,No,No,No,Yes,No,No,No,Yes,No,No,No,No,No,No,No,No,Yes,No,No,No,No,No,No,No,No,No,No,Yes,No,No,No,Yes,Yes,No
RAKT249,RAM Desktop KINGSTON HyperX Fury (HX426C16FB3/16) 16GB (1x16GB) DDR4 2666MHz ,No,Yes,No,No,No,No,No,No,No,No,No,No,Yes,No,No,No,No,No,No,No,No,Yes,No,No,No,No,Yes,No,No,No,No,No,No,No,No,No,No,No,Yes,No,No,No,No,No,No,Yes,No,Yes
RACO322,Ram Desktop Corsair Vengeance PRO RGB (CMW32GX4M2E3200C16) 32GB (2x16GB) DDR4 3200MHz,No,No,No,No,No,No,Yes,No,No,No,No,No,No,No,No,No,No,Yes,No,No,No,Yes,No,No,No,No,No,No,No,No,Yes,No,No,No,No,No,No,No,No,No,No,Yes,No,No,No,Yes,Yes,No
RAGS448,RAM Desktop Gskill Trident Z RGB (F4-3600C18D-32GTZR) 32GB (2x16GB) DDR4 3600MHz,No,No,No,No,No,No,No,No,No,Yes,No,No,No,No,No,No,No,No,Yes,No,No,Yes,No,No,No,No,No,No,No,No,Yes,No,No,No,No,No,No,No,No,No,No,No,Yes,No,No,Yes,Yes,No
RACO328,Ram Desktop Corsair Vengeance RGB (CMW64GX4M2E3200C16) 64GB (2x32GB) DDR4 3200MHz,No,No,No,No,No,No,Yes,No,No,No,No,No,No,No,No,No,No,No,Yes,No,No,No,No,No,No,No,No,No,No,No,No,No,No,No,No,No,No,No,No,No,No,No,No,No,No,No,No,No
RACO313,Ram laptop CORSAIR (CMSX8GX4M1A2666C18) 8GB (1x8GB) DDR4 2666MHz,No,No,No,No,No,No,Yes,No,No,No,No,No,No,No,No,No,Yes,No,No,No,No,No,No,No,No,No,No,No,No,No,No,No,No,No,No,No,No,No,No,No,No,No,No,No,No,No,No,No
RAAX005,RAM Desktop AXPRO 2GB (1x2GB) DDR3 1600MHz,Yes,No,No,No,No,Yes,No,No,No,No,No,No,No,No,No,No,No,No,No,No,Yes,No,Yes,No,No,No,No,No,No,No,No,No,No,No,No,Yes,No,No,No,No,No,No,No,No,No,Yes,No,Yes
RACO319,RAM Desktop CORSAIR Vengeance PRO RGB (CMW8GX4M1D3000C16) 8GB (1x8GB) DDR4 3000MHz,No,Yes,No,No,No,No,Yes,No,No,No,No,No,No,No,No,No,No,No,No,No,No,Yes,No,No,Yes,No,No,No,No,No,No,No,No,No,No,No,No,No,No,No,Yes,No,No,No,No,Yes,Yes,No
RAHP206,RAM DDR4 HP 8GB DDR4-2666 (1x8GB) ECC Reg RAM (1XD84AA),No,No,No,No,No,No,No,No,No,No,Yes,No,No,No,No,No,No,No,Yes,No,No,Yes,No,No,Yes,No,No,No,No,No,No,No,No,No,No,No,No,No,Yes,No,No,No,No,No,Yes,No,No,Yes
RAKM214,Ram Desktop Kingmax Zeus Dragon Red (KM-LD4-2666-8GHS) Red 8G (1x8GB) DDR4 2666Mhz,No,No,No,No,No,No,No,No,No,No,No,Yes,No,No,No,No,No,No,No,No,No,Yes,No,No,Yes,No,No,No,No,No,No,No,No,No,No,No,No,No,Yes,No,No,No,No,No,No,Yes,No,Yes
RAGS449,RAM Desktop Gskill Trident Z RGB (F4-3600C18D-64GTZR) 64GB (2x32GB) DDR4 3600MHz,No,No,No,No,No,No,No,No,No,Yes,No,No,No,No,No,No,No,No,Yes,No,No,Yes,No,No,No,No,No,No,No,No,No,No,No,Yes,No,No,No,No,No,No,No,No,Yes,No,No,Yes,Yes,No
RAKM223,Ram Desktop Kingmax Zeus Dragon (KM-LD4-3200-16GHS) 16GB (1x16GB) DDR4 3200Mhz,No,No,No,No,No,No,No,No,No,No,No,Yes,No,No,No,No,No,No,No,No,No,Yes,No,No,No,No,Yes,No,No,No,No,No,No,No,No,No,No,No,No,No,No,Yes,No,No,No,Yes,No,Yes
RACO315,Ram laptop CORSAIR (CMSX16GX4M1A2666C18) 16GB (1x16GB) DDR4 2666MHz,No,No,No,No,No,No,Yes,No,No,No,No,No,No,No,No,No,Yes,No,No,No,No,No,No,No,No,No,No,No,No,No,No,No,No,No,No,No,No,No,No,No,No,No,No,No,No,No,No,No
RAAV052,DDRam III AVEXIR 4GB/1600 (1*4GB) 1CIR - Core (Tản nhiệt - Led đỏ),Yes,No,No,No,Yes,No,No,No,No,No,No,No,No,No,No,No,No,No,No,No,Yes,No,No,Yes,No,No,No,No,No,No,No,No,No,No,No,Yes,No,No,No,No,No,No,No,No,No,Yes,Yes,No
RAKT254,Ram Desktop Kingston (KVR26N19S8/8 ) 8GB (1x8GB) DDR4 2666Mhz,No,No,No,No,No,No,No,No,No,No,No,No,Yes,No,No,No,No,No,No,No,No,Yes,No,No,Yes,No,No,No,No,No,No,No,No,No,No,No,No,No,Yes,No,No,No,No,No,No,Yes,No,Yes
RAGS450,Ram Desktop Gskill Trident Z Neo RGB (F4-3600C18D-32GTZN) 32GB (2x16GB) DDR4 3600MHz,No,No,No,No,No,No,No,No,No,Yes,No,No,No,No,No,No,No,No,Yes,No,No,Yes,No,No,No,No,No,No,No,No,Yes,No,No,No,No,No,No,No,No,No,No,No,Yes,No,No,Yes,Yes,No
RAKT269,Ram Desktop 4 Kingston HyperX Fury (HX426C16FB4/16) 16GB (1x16GB) - DDR4 2666MHz,No,No,No,No,No,No,No,No,No,No,No,No,Yes,No,No,No,Yes,No,No,No,No,No,No,No,No,No,No,No,No,No,No,No,No,No,No,No,No,No,No,No,No,No,No,No,No,No,No,No
RAAD238,RAM Desktop ADATA 4GB(1x4GB) DDR4 2666MHz ,No,Yes,Yes,No,No,No,No,No,No,No,No,No,No,No,No,No,Yes,No,No,No,No,Yes,No,Yes,No,No,No,No,No,No,No,No,No,No,No,No,No,No,Yes,No,No,No,No,No,No,Yes,No,Yes
RAAV161,RAM Desktop AVEXIR 1B - Budget 8GB (1x8GB) DDR4 2666MHz ,No,Yes,No,No,Yes,No,No,No,No,No,No,No,No,No,No,No,No,No,No,No,No,Yes,No,No,Yes,No,No,No,No,No,No,No,No,No,No,No,No,No,Yes,No,No,No,No,No,No,Yes,No,Yes
RAKM211,Ram Desktop Kingmax Zeus Dragon Red (KM-LD4-2666-16GH) 16GB (1x16GB) DDR4 2666Mhz,No,Yes,No,No,No,No,No,No,No,No,No,Yes,No,No,No,No,Yes,No,No,No,No,Yes,No,No,No,No,Yes,No,No,No,No,No,No,No,No,No,No,No,Yes,No,No,No,No,No,No,Yes,No,Yes
RAMT002,RAM DDR3 Micron ECC 8GB/1600Mhz Registered,Yes,No,No,No,No,No,No,No,No,No,No,No,No,Yes,No,No,No,No,No,No,Yes,No,No,No,Yes,No,No,No,No,No,No,No,No,No,No,Yes,No,No,No,No,No,No,No,No,Yes,No,No,Yes
RAAV171,Ram Desktop AVEXIR 1SOE - SOLID RED (AVD4UZ326661908G-1SOE) 8GB (1x8GB) DDR4 2666Mhz ,No,No,No,No,Yes,No,No,No,No,No,No,No,No,No,No,No,No,No,No,No,No,Yes,No,No,Yes,No,No,No,No,No,No,No,No,No,No,No,No,No,Yes,No,No,No,No,No,No,Yes,No,Yes
RAGS451,Ram Desktop Gskill Trident Z Neo RGB (F4-3600C18D-64GTZN) 64GB (2x32GB) DDR4 3600MHz,No,No,No,No,No,No,No,No,No,Yes,No,No,No,No,No,No,No,No,Yes,No,No,Yes,No,No,No,No,No,No,No,No,No,No,No,Yes,No,No,No,No,No,No,No,No,Yes,No,No,Yes,Yes,No
RACO330,Ram Desktop Corsair Dominator Platinum RGB (CMT32GX4M2C3200C16) 32GB (2x16G) DDR4 3200MHz,No,No,No,No,No,No,Yes,No,No,No,No,No,No,No,No,No,No,No,Yes,No,No,No,No,No,No,No,No,No,No,No,No,No,No,No,No,No,No,No,No,No,No,No,No,No,No,No,No,No
RAAV075,RAM Desktop AVEXIR 1COB Core 8GB (1x8GB) DDR4 2666MHz ,No,No,No,No,Yes,No,No,No,No,No,No,No,No,No,No,No,Yes,No,No,No,No,Yes,No,No,Yes,No,No,No,No,No,No,No,No,No,No,No,No,No,Yes,No,No,No,No,No,No,Yes,Yes,No
RASP007,RAM SILICON POWER 8G DDR3 Bus 1600 UDIMM,Yes,No,No,No,No,No,No,No,No,No,No,No,No,No,Yes,No,Yes,No,No,No,Yes,No,No,No,Yes,No,No,No,No,No,No,No,No,No,No,Yes,No,No,No,No,No,No,No,No,No,Yes,No,Yes
RAKT251,Kit RAM 4 Kingston HyperX Fury Black 16GB bus 2666MHz (2*8GB) - HX426C16FB3K2/16 ,No,Yes,No,No,No,No,No,No,No,No,No,No,Yes,No,No,No,Yes,No,No,No,No,Yes,No,No,No,No,No,Yes,No,No,No,No,No,No,No,No,No,No,Yes,No,No,No,No,No,No,Yes,No,Yes
RACO309,RAM Desktop Corsair DOMINATOR PLATINUM RGB (CMT16GX4M2C3200C16) 16GB (2x8GB) DDR4 3200MHz,No,Yes,No,No,No,No,Yes,No,No,No,No,No,No,No,No,No,No,Yes,No,No,No,Yes,No,No,No,No,Yes,No,No,No,No,No,No,No,No,No,No,No,No,No,No,Yes,No,No,No,Yes,Yes,No
RAAD241,Ram Desktop Adata XPG Spectrix D60G RGB Grey (AX4U300038G16A-DT60) 16GB (2x8GB) DDR4 3000Mhz,No,No,Yes,No,No,No,No,No,No,No,No,No,No,No,No,No,No,Yes,No,No,No,Yes,No,No,No,No,No,Yes,No,No,No,No,No,No,No,No,No,No,No,No,Yes,No,No,No,No,Yes,Yes,No
RAAV174,Ram Desktop AVEXIR 1SOE - Solid (AVD4UZ330001616G-1SOE) 8GB (1x8GB) DDR4 3000Mhz,No,Yes,No,No,Yes,No,No,No,No,No,No,No,No,No,No,No,No,No,No,No,No,Yes,No,No,Yes,No,No,No,No,No,No,No,No,No,No,No,No,No,No,No,Yes,No,No,No,No,Yes,No,Yes
RAAD261,Ram Desktop Adata XPG Spectrix D80 RGB (AX4U300038G16-DB80) 16GB (2x8GB) DDR4 3000Mhz,No,Yes,Yes,No,No,No,No,No,No,No,No,No,No,No,No,No,No,Yes,No,No,No,Yes,No,No,No,No,No,Yes,No,No,No,No,No,No,No,No,No,No,No,No,Yes,No,No,No,No,Yes,Yes,No
RACO332,Ram Desktop Corsair Dominator Platinum White RGB (CMT16GX4M2C3200C16W) 16GB (2x8G) DDR4 3200MHz,No,Yes,No,No,No,No,Yes,No,No,No,No,No,No,No,No,No,No,Yes,No,No,No,Yes,No,No,No,No,No,Yes,No,No,No,No,No,No,No,No,No,No,No,No,No,Yes,No,No,No,Yes,Yes,No
RAAV076,RAM Desktop AVEXIR 2COB Core 16GB (2x8GB) DDR4 2666MHz ,No,No,No,No,Yes,No,No,No,No,No,No,No,No,No,No,No,Yes,No,No,No,No,Yes,No,No,No,No,No,Yes,No,No,No,No,No,No,No,No,No,No,Yes,No,No,No,No,No,No,Yes,Yes,No
RASP008,RAM SILICON POWER  8GB (1x8GB) DDR4 Bus 2133 UDIMM,No,Yes,No,No,No,No,No,No,No,No,No,No,No,No,Yes,No,Yes,No,No,No,No,Yes,No,No,Yes,No,No,No,No,No,No,No,No,No,No,No,Yes,No,No,No,No,No,No,No,No,Yes,No,Yes
RAAN007,RAM Desktop ANTECMEMORY 8GB/2400 (1*8GB) 5SR - Red Led,No,Yes,No,Yes,No,No,No,No,No,No,No,No,No,No,No,No,No,No,No,No,No,Yes,No,No,Yes,No,No,No,No,No,No,No,No,No,No,No,No,Yes,No,No,No,No,No,No,No,Yes,Yes,No
RACO304,RAM Desktop CORSAIR Vengeance LPX (CMK8GX4M1A2666C16 ) 8GB (1x8GB) DDR4 2666MHz  ,No,Yes,No,No,No,No,Yes,No,No,No,No,No,No,No,No,No,Yes,No,No,No,No,Yes,No,No,Yes,No,No,No,No,No,No,No,No,No,No,No,No,No,Yes,No,No,No,No,No,No,Yes,No,Yes
RAGS330,RAM Desktop Gskill Trident Z Royal (F4-3000C16D-16GTRG) 16GB (2x8GB) DDR4 3000Mhz,No,Yes,No,No,No,No,No,No,No,Yes,No,No,No,No,No,No,No,Yes,No,No,No,Yes,No,No,No,No,No,Yes,No,No,No,No,No,No,No,No,No,No,No,No,No,No,No,Yes,No,Yes,Yes,No
RAAX009,Ram Desktop AXPRO 4GB (1x4GB) DDR3 1333 Mhz,Yes,No,No,No,No,Yes,No,No,No,No,No,No,No,No,No,No,No,No,No,No,Yes,No,No,Yes,No,No,No,No,No,No,No,No,No,No,Yes,No,No,No,No,No,No,No,No,No,No,Yes,No,Yes
RAAX011,Ram Destop Axpro 8GB (1x8GB) DDR4 2400Mhz,No,No,No,No,No,Yes,No,No,No,No,No,No,No,No,No,No,Yes,No,No,No,No,Yes,No,No,Yes,No,No,No,No,No,No,No,No,No,No,No,No,Yes,No,No,No,No,No,No,No,Yes,No,Yes
RAAV175,Ram Desktop AVEXIR 2C2A - Core 2 RGB (AVD4UZ33001608G-2C2A) 16GB (2x8GB) DDR4 3000Mhz,No,Yes,No,No,Yes,No,No,No,No,No,No,No,No,No,No,No,No,Yes,No,No,No,Yes,No,No,No,No,No,Yes,No,No,No,No,No,No,No,No,No,No,No,No,Yes,No,No,No,No,Yes,Yes,No
RAAD262,Ram Desktop Adata XPG Spectrix D50 RGB (AX4U320038G16A-DT50) 16GB (2x8GB) DDR4 3200Mhz,No,Yes,Yes,No,No,No,No,No,No,No,No,No,No,No,No,No,Yes,No,No,No,No,Yes,No,No,No,No,No,Yes,No,No,No,No,No,No,No,No,No,No,No,No,No,Yes,No,No,No,Yes,Yes,No
RAAV176,Ram Desktop AVEXIR 1COB Blue (AVD4UZ326661916G-1COB) 16GB (1x16GB) DDR4 2666Mhz,No,Yes,No,No,Yes,No,No,No,No,No,No,No,No,No,No,No,No,No,No,No,No,Yes,No,No,No,No,Yes,No,No,No,No,No,No,No,No,No,No,No,Yes,No,No,No,No,No,No,Yes,Yes,No
RAKT277,Ram Desktop Kingston HyperX Fury (HX432C16FB4/16) 16GB (1x16GB) DDR4 3200Mhz,No,Yes,No,No,No,No,No,No,No,No,No,No,Yes,No,No,No,No,No,No,No,No,Yes,No,No,No,No,Yes,No,No,No,No,No,No,No,No,No,No,No,No,No,No,Yes,No,No,No,Yes,No,Yes
RAKT186,RAM Desktop KINGSTON HyperX Fury Red (HX316C10FR/8) 8GB (1x8GB) DDR3 1600MHz ,Yes,No,No,No,No,No,No,No,No,No,No,No,Yes,No,No,No,Yes,No,No,No,Yes,No,No,No,Yes,No,No,No,No,No,No,No,No,No,No,Yes,No,No,No,No,No,No,No,No,No,Yes,No,Yes
RAAX007,RAM AXPRO 4GB DDR4 Bus 2133Mhz - UDIMM,No,No,No,No,No,Yes,No,No,No,No,No,No,No,No,No,No,Yes,No,No,No,No,Yes,No,Yes,No,No,No,No,No,No,No,No,No,No,No,No,Yes,No,No,No,No,No,No,No,No,Yes,No,Yes
RAKT261,Ram Desktop Kingston (KVR16N11/8) 8GB (1x8GB) DDR3 1600Mhz,Yes,No,No,No,No,No,No,No,No,No,No,No,Yes,No,No,No,Yes,No,No,No,No,No,No,No,No,No,No,No,No,No,No,No,No,No,No,No,No,No,No,No,No,No,No,No,No,No,No,No
RACO325,RAM desktop Corsair Vengeance LPX (CMK16GX4M2D3000C16) 16GB (2x8GB) DDR4 3000MHz,No,Yes,No,No,No,No,Yes,No,No,No,No,No,No,No,No,No,Yes,No,No,No,No,No,No,No,No,No,No,No,No,No,No,No,No,No,No,No,No,No,No,No,No,No,No,No,No,No,No,No
RAAD263,Ram Desktop Adata XPG Spectrix D50 RGB(AX4U320038G16A-ST50) 8GB (1x8GB) DDR4 3200Mhz,No,Yes,Yes,No,No,No,No,No,No,No,No,No,No,No,No,No,Yes,No,No,No,No,Yes,No,No,Yes,No,No,No,No,No,No,No,No,No,No,No,No,No,No,No,No,Yes,No,No,No,Yes,Yes,No
RAAV177,Ram Desktop AVEXIR 1COR Red (AVD4UZ326661916G-1COR) 16GB (1x16GB) DDR4 2666Mhz,No,Yes,No,No,Yes,No,No,No,No,No,No,No,No,No,No,No,No,No,No,No,No,Yes,No,No,No,No,Yes,No,No,No,No,No,No,No,No,No,No,No,Yes,No,No,No,No,No,No,Yes,Yes,No
RAKT278,Ram Desktop Kingston HyperX Fury (HX432C16FB3K2/16) 16GB (2x8GB) DDR4 3200Mhz,No,Yes,No,No,No,No,No,No,No,No,No,No,Yes,No,No,No,No,No,No,No,No,Yes,No,No,No,No,No,Yes,No,No,No,No,No,No,No,No,No,No,No,No,No,Yes,No,No,No,Yes,No,Yes
RACO317,RAM Desktop CORSAIR Vengeance PRO RGB (CMW16GX4M2D3000C16) 16GB (2x8GB) DDR4 3000MHz,No,Yes,No,No,No,No,Yes,No,No,No,No,No,No,No,No,No,No,Yes,No,No,No,Yes,No,No,No,No,No,Yes,No,No,No,No,No,No,No,No,No,No,No,No,Yes,No,No,No,No,Yes,Yes,No
RATE014,Ram Desktop Team Delta RGB LED Black (TF3D416G3000HC16CDC01) 16GB (2x8GB) DDR4 3000MHz ,No,No,No,No,No,No,No,No,No,No,No,No,No,No,No,Yes,No,Yes,No,No,No,Yes,No,No,No,No,No,Yes,No,No,No,No,No,No,No,No,No,No,No,No,Yes,No,No,No,No,Yes,Yes,No
RAGS327,RAM Desktop Gskill Trident Z RGB ( F4-3000C16S-8GTZR) 8GB (1x8GB) DDR4 3000Mhz,No,No,No,No,No,No,No,No,No,Yes,No,No,No,No,No,No,Yes,No,No,No,No,Yes,No,No,Yes,No,No,No,No,No,No,No,No,No,No,No,No,No,No,No,Yes,No,No,No,No,Yes,Yes,No
RAGS442,RAM Desktop Gskill Trident Z Neo (F4-3600C16D-32GTZNC) 32GB (2x16GB) DDR4 3600MHz,No,Yes,No,No,No,No,No,No,No,Yes,No,No,No,No,No,No,No,No,Yes,No,No,Yes,No,No,No,No,No,No,No,No,Yes,No,No,No,No,No,No,No,No,No,No,No,Yes,No,No,Yes,Yes,No
RAAD257,RAM Desktop Adata (AD4U2666W4G19-S) 4GB (1x4GB) DDR4 2666MHz,No,Yes,Yes,No,No,No,No,No,No,No,No,No,No,No,No,No,Yes,No,No,No,No,No,No,No,No,No,No,No,No,No,No,No,No,No,No,No,No,No,No,No,No,No,No,No,No,No,No,No
RAAD264,Ram Desktop Adata XPG Spectrix D60G RGB (AX4U320038G16A-DT60) 16GB (2x8GB) DDR4 3200Mhz,No,Yes,Yes,No,No,No,No,No,No,No,No,No,No,No,No,No,No,Yes,No,No,No,Yes,No,No,No,No,No,Yes,No,No,No,No,No,No,No,No,No,No,No,No,No,Yes,No,No,No,Yes,Yes,No
RAAV178,Ram Desktop AVEXIR 1SOE - Solid (AVD4UZ332001616G-1SOE) 16GB/3200 (1x16GB) DDR4 3200MHz,No,Yes,No,No,Yes,No,No,No,No,No,No,No,No,No,No,No,No,No,No,No,No,Yes,No,No,No,No,Yes,No,No,No,No,No,No,No,No,No,No,No,No,No,No,Yes,No,No,No,Yes,No,Yes
RAAD265,Ram Desktop Adata XPG Spectrix D60 RGB (AX4U320038G16A-ST60) 8GB (1x8GB) DDR4 3200Mhz,No,Yes,Yes,No,No,No,No,No,No,No,No,No,No,No,No,No,No,No,No,No,No,Yes,No,No,Yes,No,No,No,No,No,No,No,No,No,No,No,No,No,No,No,No,Yes,No,No,No,Yes,Yes,No
RAAX002,RAM Desktop AXPRO 4GB (1x4GB) DDR3 1600MHz,Yes,No,No,No,No,Yes,No,No,No,No,No,No,No,No,No,No,Yes,No,No,No,Yes,No,No,Yes,No,No,No,No,No,No,No,No,No,No,No,Yes,No,No,No,No,No,No,No,No,No,Yes,No,Yes
RASP005,DDRAM III SILICON POWER 4G/1600 UDIMM,Yes,No,No,No,No,No,No,No,No,No,No,No,No,No,Yes,No,No,No,No,No,Yes,No,No,Yes,No,No,No,No,No,No,No,No,No,No,No,Yes,No,No,No,No,No,No,No,No,No,Yes,No,Yes
RAAN002,RAM Desktop ANTECMEMORY 1S 4GB (1x4GB) ,No,No,No,Yes,No,No,No,No,No,No,No,No,No,No,No,No,No,No,No,No,No,Yes,No,Yes,No,No,No,No,No,No,No,No,No,No,No,No,No,Yes,No,No,No,No,No,No,No,Yes,No,Yes
RAKM208,Ram Desktop Kingmax Zeus Dragon RGB (KM-LD4-3000-8GRS) 8G (1x8GB) DDR4 3000Mhz,No,Yes,No,No,No,No,No,No,No,No,No,Yes,No,No,No,No,Yes,No,No,No,No,Yes,No,No,Yes,No,No,No,No,No,No,No,No,No,No,No,No,No,No,No,Yes,No,No,No,No,Yes,Yes,No
RAKM212,Ram Desktop Kingmax Zeus Dragon (KM-LD4-3000-16GHS) 16GB (1x16GB) DDR4 3000Mhz,No,Yes,No,No,No,No,No,No,No,No,No,Yes,No,No,No,No,Yes,No,No,No,No,Yes,No,No,No,No,Yes,No,No,No,No,No,No,No,No,No,No,No,No,No,Yes,No,No,No,No,Yes,No,Yes
RAGS441,RAM Desktop Gskill Trident Z Neo (F4-3600C18D-16GTZN)16GB (2x8GB) DDR4 3600MHz,No,Yes,No,No,No,No,No,No,No,Yes,No,No,No,No,No,No,No,Yes,No,No,No,Yes,No,No,No,No,No,Yes,No,No,No,No,No,No,No,No,No,No,No,No,No,No,Yes,No,No,Yes,Yes,No
RAAX010,Ram Destop Axpro 4GB (1x4GB) DDR4 2400Mhz,No,No,No,No,No,Yes,No,No,No,No,No,No,No,No,No,No,Yes,No,No,No,No,Yes,No,Yes,No,No,No,No,No,No,No,No,No,No,No,No,No,Yes,No,No,No,No,No,No,No,Yes,No,Yes
RAAV172,Ram Desktop AVEXIR 1SOF - SOLID BLUE (AVD4UZ326661908G-1SOF) 8GB (1x8GB) DDR4 2666Mhz ,No,No,No,No,Yes,No,No,No,No,No,No,No,No,No,No,No,No,No,No,No,No,Yes,No,No,Yes,No,No,No,No,No,No,No,No,No,No,No,No,No,Yes,No,No,No,No,No,No,Yes,No,Yes
RAAD258,Ram Desktop Adata XPG Gammix D10 Red (AX4U3000716G16A-SR10) 16GB (1x16GB) DDR4 3000Mhz,No,No,Yes,No,No,No,No,No,No,No,No,No,No,No,No,No,Yes,No,No,No,No,Yes,No,No,No,No,Yes,No,No,No,No,No,No,No,No,No,No,No,No,No,Yes,No,No,No,No,Yes,No,Yes
RACO331,Ram Desktop Corsair Dominator Platinum White RGB (CMT32GX4M2C3200C16W) 32GB (2x16G) DDR4 3200MHz,No,No,No,No,No,No,Yes,No,No,No,No,No,No,No,No,No,No,No,Yes,No,No,No,No,No,No,No,No,No,No,No,No,No,No,No,No,No,No,No,No,No,No,No,No,No,No,No,No,No
RAAV179,Ram Desktop AVERXIR 2C2C - Core2 RGB (AVD4UZ332001608G-2C2C) 16GB (2x8GB) DDR4 3200Mhz,No,No,No,No,Yes,No,No,No,No,No,No,No,No,No,No,No,Yes,No,No,No,No,Yes,No,No,No,No,No,No,No,No,Yes,No,No,No,No,No,No,No,No,No,No,Yes,No,No,No,Yes,Yes,No
RASP006,RAM Desktop SILICON POWER 4G (1x4GB) DDR4 2133MHz,No,Yes,No,No,No,No,No,No,No,No,No,No,No,No,Yes,No,No,No,No,No,No,Yes,No,Yes,No,No,No,No,No,No,No,No,No,No,No,No,Yes,No,No,No,No,No,No,No,No,Yes,No,Yes
RAAN004,RAM Desktop ANTECMEMORY 8GB/2400 (1*8GB) 5SB - Blue Led,No,Yes,No,Yes,No,No,No,No,No,No,No,No,No,No,No,No,No,No,No,No,No,Yes,No,No,Yes,No,No,No,No,No,No,No,No,No,No,No,No,Yes,No,No,No,No,No,No,No,Yes,Yes,No
RAAD245,RAM Desktop ADATA XPG Spectrix D41 RGB Grey (AX4U3000316G16A-ST41) 16GB (1x16GB) 3000MHz ,No,No,Yes,No,No,No,No,No,No,No,No,No,No,No,No,No,Yes,No,No,No,No,Yes,No,No,No,No,Yes,No,No,No,No,No,No,No,No,No,No,No,No,No,Yes,No,No,No,No,Yes,Yes,No
RAKT235,RAM Desktop KINGSTON (KVR26N19S6/4) 4G (1x4GB) DDR4 2666MHz,No,No,No,No,No,No,No,No,No,No,No,No,Yes,No,No,No,No,No,No,No,No,Yes,No,Yes,No,No,No,No,No,No,No,No,No,No,No,No,No,No,Yes,No,No,No,No,No,No,Yes,No,Yes
RAKM213,Ram Desktop Kingmax Zeus Dragon RGB (KM-LD4-3000-16GR) 16GB (1x16GB) DDR4 3000Mhz,No,Yes,No,No,No,No,No,No,No,No,No,Yes,No,No,No,No,Yes,No,No,No,No,Yes,No,No,No,No,Yes,No,No,No,No,No,No,No,No,No,No,No,No,No,Yes,No,No,No,No,Yes,Yes,No
RAAV173,Ram Desktop AVEXIR 1SOB - SOLID GRAY (AVD4UZ326661908G-1SOB) 8GB (1x8GB) DDR4 2666Mhz ,No,No,No,No,Yes,No,No,No,No,No,No,No,No,No,No,No,No,No,No,No,No,Yes,No,No,Yes,No,No,No,No,No,No,No,No,No,No,No,No,No,Yes,No,No,No,No,No,No,Yes,No,Yes
RAKT264,Ram Desktop Kingston HyperX Fury RBG (HX432C16FB3AK2/16 ) 16GB (2x8GB) DDR4 3200Mhz,No,Yes,No,No,No,No,No,No,No,No,No,No,Yes,No,No,No,No,Yes,No,No,No,Yes,No,No,No,No,No,Yes,No,No,No,No,No,No,No,No,No,No,No,No,No,Yes,No,No,No,Yes,Yes,No
RAAV180,Ram Desktop AVERXIR 2C2C - Core2 RGB (AVD4UZ332001616G-2C2C) 32GB (2x16GB) DDR4 3200Mhz,No,Yes,No,No,Yes,No,No,No,No,No,No,No,No,No,No,No,No,Yes,No,No,No,Yes,No,No,No,No,No,No,No,No,Yes,No,No,No,No,No,No,No,No,No,No,Yes,No,No,No,Yes,Yes,No
RAAV079,Ram Desktop AVEXIR (AVD4UZ326661908G-1COW) 8GB (1x8GB) DDR4 2666Mhz,No,Yes,No,No,Yes,No,No,No,No,No,No,No,No,No,No,No,Yes,No,No,No,No,Yes,No,No,Yes,No,No,No,No,No,No,No,No,No,No,No,No,No,Yes,No,No,No,No,No,No,Yes,Yes,No
RAAD249,RAM Desktop ADATA XPG Spectrix D41 RGB Grey (AX4U300038G16A-DT41) 16GB (2x8GB) 3000MHz,No,No,Yes,No,No,No,No,No,No,No,No,No,No,No,No,No,No,No,No,No,No,Yes,No,No,No,No,No,Yes,No,No,No,No,No,No,No,No,No,No,No,No,Yes,No,No,No,No,Yes,Yes,No
RAAN005,RAM Desktop ANTECMEMORY 8GB/2400 (1*8GB) 5S - RGB Led,No,Yes,No,Yes,No,No,No,No,No,No,No,No,No,No,No,No,No,No,No,No,No,Yes,No,No,Yes,No,No,No,No,No,No,No,No,No,No,No,No,Yes,No,No,No,No,No,No,No,Yes,Yes,No
RAKT236,DDRam 4 Kingston ECC 16GB/2666Mhz -KSM26ED8/16ME,No,No,No,No,No,No,No,No,No,No,No,No,Yes,No,No,No,No,Yes,No,No,No,Yes,No,No,No,No,Yes,No,No,No,No,No,No,No,No,No,No,No,Yes,No,No,No,No,No,Yes,No,No,Yes
RACO308,RAM Desktop Corsair DOMINATOR PLATINUM RGB (CMT16GX4M2C3000C15) 16GB (2x8G) DDR4 3000MHz,No,Yes,No,No,No,No,Yes,No,No,No,No,No,No,No,No,No,No,Yes,No,No,No,Yes,No,No,No,No,No,Yes,No,No,No,No,No,No,No,No,No,No,No,No,Yes,No,No,No,No,Yes,Yes,No
RACO316,RAM Desktop CORSAIR Vengeance LPX (CMK16GX4M1A2666C16) 16GB (1x16GB) DDR4 2666MHz ,No,Yes,No,No,No,No,Yes,No,No,No,No,No,No,No,No,No,Yes,No,No,No,No,Yes,No,No,No,No,Yes,No,No,No,No,No,No,No,No,No,No,No,Yes,No,No,No,No,No,No,Yes,No,Yes
RAKT265,Ram Desktop Kingston HyperX Fury RGB (HX432C16FB3AK2/32 ) 32GB (2x16GB) DDR4 3200Mhz,No,Yes,No,No,No,No,No,No,No,No,No,No,Yes,No,No,No,No,Yes,No,No,No,Yes,No,No,No,No,No,No,No,No,Yes,No,No,No,No,No,No,No,No,No,No,Yes,No,No,No,Yes,Yes,No
RAGS306,RAM Desktop Gskill Trident Z RGB (F4-3000C16D-16GTZR) 16GB (2x8GB) DDR4 3000MHz ,No,No,No,No,No,No,No,No,No,Yes,No,No,No,No,No,No,No,Yes,No,No,No,Yes,No,No,No,No,No,Yes,No,No,No,No,No,No,No,No,No,No,No,No,Yes,No,No,No,No,Yes,Yes,No
RAGS328,RAM Desktop Gskill (F4-2800C17S-8GVR) 8GB (1x8GB) DDR4 2800MHz,No,Yes,No,No,No,No,No,No,No,Yes,No,No,No,No,No,No,Yes,No,No,No,No,Yes,No,No,Yes,No,No,No,No,No,No,No,No,No,No,No,No,No,No,Yes,No,No,No,No,No,Yes,No,Yes
RAAN018,Ram Desktop ANTECMEMORY 5DD RGB Led (AM4U30168G11-5DD) 16GB (2x8GB) DDR4 3000Mhz,No,No,No,Yes,No,No,No,No,No,No,No,No,No,No,No,No,No,Yes,No,No,No,Yes,No,No,No,No,No,Yes,No,No,No,No,No,No,No,No,No,No,No,No,Yes,No,No,No,No,Yes,Yes,No
RAAV163,RAM Desktop Averxir 1COR Core (AVD4UZ326661908G-1COR) (1x8GB) DDR4 2666Mhz,No,Yes,No,No,Yes,No,No,No,No,No,No,No,No,No,No,No,No,No,No,No,No,Yes,No,No,Yes,No,No,No,No,No,No,No,No,No,No,No,No,No,Yes,No,No,No,No,No,No,Yes,Yes,No
RAAD243,RAM Desktop Adata XPG Spectrix D41 RGB Grey (AX4U300038G16A-ST41) 8GB (1x8GB) DDR4 3000Mhz,No,Yes,Yes,No,No,No,No,No,No,No,No,No,No,No,No,No,Yes,No,No,No,No,Yes,No,No,Yes,No,No,No,No,No,No,No,No,No,No,No,No,No,No,No,Yes,No,No,No,No,Yes,Yes,No
RAAX008,Ram Desktop AXPRO 8GB (1x8GB) DDR4 2133MHz,No,Yes,No,No,No,Yes,No,No,No,No,No,No,No,No,No,No,Yes,No,No,No,No,No,No,No,No,No,No,No,No,No,No,No,No,No,No,No,No,No,No,No,No,No,No,No,No,No,No,No
RAKM224,Ram Desktop Kingmax (KM-LD4-2666-4GS) 4GB (1x4GB) DDR4 2666Mhz,No,Yes,No,No,No,No,No,No,No,No,No,Yes,No,No,No,No,No,No,No,No,No,Yes,No,Yes,No,No,No,No,No,No,No,No,No,No,No,No,No,No,Yes,No,No,No,No,No,No,Yes,No,Yes
RAAD266,Ram Desktop Adata XPG Spectrix D50 RGB White (AX4U320038G16A-DW50) 16GB (2x8GB) DDR4 3200Mhz,No,Yes,Yes,No,No,No,No,No,No,No,No,No,No,No,No,No,No,No,No,No,No,Yes,No,No,No,No,No,Yes,No,No,No,No,No,No,No,No,No,No,No,No,No,Yes,No,No,No,Yes,Yes,No
RAAV057,RAM Desktop AVEXIR 1BW Budget 8GB (1x8GB) DDR4 2133MHz ,No,No,No,No,Yes,No,No,No,No,No,No,No,No,No,No,No,Yes,No,No,No,No,Yes,No,No,Yes,No,No,No,No,No,No,No,No,No,No,No,Yes,No,No,No,No,No,No,No,No,Yes,No,Yes
RAAN008,Ram Desktop ANTECMEMORY 5DR  Red Led (AMD4UZ126661608G-D5R) 16GB (2x8GB) DDR4 2666Mhz ,No,Yes,No,Yes,No,No,No,No,No,No,No,No,No,No,No,No,No,No,No,No,No,Yes,No,No,No,No,No,Yes,No,No,No,No,No,No,No,No,No,No,Yes,No,No,No,No,No,No,Yes,Yes,No
RAKT229,RAM Desktop KINGSTON HyperX Predator RGB (HX432C16PB3AK2/16) 16GB (2x8GB) DDR4 3200MHz,No,Yes,No,No,No,No,No,No,No,No,No,No,Yes,No,No,No,No,Yes,No,No,No,Yes,No,No,No,No,No,Yes,No,No,No,No,No,No,No,No,No,No,No,No,No,Yes,No,No,No,Yes,Yes,No
RACO318,RAM Desktop CORSAIR Vengeance PRO RGB (CMW32GX4M2D3000C16) 32GB (2x16GB) DDR4 3000MHz,No,Yes,No,No,No,No,Yes,No,No,No,No,No,No,No,No,No,No,Yes,No,No,No,Yes,No,No,No,No,No,No,No,No,Yes,No,No,No,No,No,No,No,No,No,Yes,No,No,No,No,Yes,Yes,No
RAAD253,Ram Desktop Adata XPG Spectrix D60G RGB (AX4U300038G16A-ST60) 8GB (1x8GB) DDR4 3000Mhz,No,No,Yes,No,No,No,No,No,No,No,No,No,No,No,No,No,Yes,No,No,No,No,No,No,No,Yes,No,No,No,No,No,No,No,No,No,No,No,No,No,No,No,Yes,No,No,No,No,Yes,Yes,No
RAGS444,RAM Desktop Gskill Trident Z RGB (F4-3200C16D-32GTZR) 32GB (2x16GB) DDR4 3200MHz,No,Yes,No,No,No,No,No,No,No,Yes,No,No,No,No,No,No,No,No,Yes,No,No,Yes,No,No,No,No,No,No,No,No,Yes,No,No,No,No,No,No,No,No,No,No,Yes,No,No,No,Yes,Yes,No
RAGI003,Ram Desktop Gigabyte AORUS RGB (GP-ARS16G32) 16GB (2x8GB) DDR4 3200Mhz,No,Yes,No,No,No,No,No,No,Yes,No,No,No,No,No,No,No,No,Yes,No,No,No,Yes,No,No,No,No,No,Yes,No,No,No,No,No,No,No,No,No,No,No,No,No,Yes,No,No,No,Yes,Yes,No
RATE022,Ram Desktop Team T-Force Delta TUF Gaming Alliance (TF9D48G3200HC16CBK) 8GB (1x8GB) DDR4 3200Mhz,No,Yes,No,No,No,No,No,No,No,No,No,No,No,No,No,Yes,No,No,No,No,No,Yes,No,No,Yes,No,No,No,No,No,No,No,No,No,No,No,No,No,No,No,No,Yes,No,No,No,Yes,Yes,No
RAAD267,Ram Desktop Adata XPG Gammix D10 Black (AX4U3000316G16A-SB10) 16GB (1x16GB) DDR4 3000Mhz,No,Yes,Yes,No,No,No,No,No,No,No,No,No,No,No,No,No,No,No,No,No,No,Yes,No,No,No,No,Yes,No,No,No,No,No,No,No,No,No,No,No,No,No,No,Yes,No,No,No,Yes,No,Yes
RACO295,RAM Desktop CORSAIR Vengeance LPX (CMK16GX4M2A2666C16) 16GB (2x8GB) DDR4 2666MHz,No,No,No,No,No,No,Yes,No,No,No,No,No,No,No,No,No,Yes,No,No,No,No,Yes,No,No,No,No,No,Yes,No,No,No,No,No,No,No,No,No,No,Yes,No,No,No,No,No,No,Yes,No,Yes
RAAN009,RAM Desktop ANTECMEMORY 16GB/2666 (2*8GB) 5D - RGB Led,No,Yes,No,Yes,No,No,No,No,No,No,No,No,No,No,No,No,No,No,No,No,No,Yes,No,No,No,No,No,Yes,No,No,No,No,No,No,No,No,No,No,Yes,No,No,No,No,No,No,Yes,Yes,No
RAKT239,DDRam 4 Kingston ECC 8GB/2666Mhz (KSM26ES8/8ME),No,No,No,No,No,No,No,No,No,No,No,No,Yes,No,No,No,Yes,No,No,No,No,Yes,No,No,Yes,No,No,No,No,No,No,No,No,No,No,No,No,No,Yes,No,No,No,No,No,Yes,No,No,Yes
RAGS445,RAM Desktop Gskill Trident Z RGB (F4-3200C16D-64GTZR) 64GB (2x32GB) DDR4 3200MHz,No,Yes,No,No,No,No,No,No,No,Yes,No,No,No,No,No,No,No,No,Yes,No,No,Yes,No,No,No,No,No,No,No,No,No,No,No,Yes,No,No,No,No,No,No,No,Yes,No,No,No,Yes,Yes,No
RACO334,Ram Desktop Corsair Vengeance PRO RGB White (CMW16GX4M2E3200C16W) 16GB (2x8GB) DDR4 3200MHz,No,Yes,No,No,No,No,Yes,No,No,No,No,No,No,No,No,No,No,Yes,No,No,No,Yes,No,No,No,No,No,Yes,No,No,No,No,No,No,No,No,No,No,No,No,No,Yes,No,No,No,Yes,Yes,No
RACO320,Ram Desktop Corsair Vengeance LPX (CMK16GX4M1D3000C16) 16GB (1x16GB) DDR4 3000MHz,No,No,No,No,No,No,Yes,No,No,No,No,No,No,No,No,No,Yes,No,No,No,No,Yes,No,No,No,No,Yes,No,No,No,No,No,No,No,No,No,No,No,No,No,Yes,No,No,No,No,Yes,No,Yes
RAAN010,Ram Desktop ANTECMEMORY 5D RGB Led 16GB (2x8GB) DDR4 3000Mhz ,No,Yes,No,Yes,No,No,No,No,No,No,No,No,No,No,No,No,No,Yes,No,No,No,Yes,No,No,No,No,No,Yes,No,No,No,No,No,No,No,No,No,No,No,No,Yes,No,No,No,No,Yes,Yes,No
RAAN013,RAM Desktop ANTECMEMORY 8GB/2666 (1*8GB) 5SR - Red Led	,No,Yes,No,Yes,No,No,No,No,No,No,No,No,No,No,No,No,No,No,No,No,No,Yes,No,No,Yes,No,No,No,No,No,No,No,No,No,No,No,No,No,Yes,No,No,No,No,No,No,Yes,Yes,No
RAKT238,DDRam 4 Kingston ECC 16GB/2666Mhz - KSM26RS4/16MEI Registered,No,No,No,No,No,No,No,No,No,No,No,No,Yes,No,No,No,No,Yes,No,No,No,Yes,No,No,No,No,Yes,No,No,No,No,No,No,No,No,No,No,No,Yes,No,No,No,No,No,Yes,No,No,Yes
RAAD236,RAM Desktop ADATA XPG D10 Red (AX4U266638G16-SRG) 8GB(1x8GB) DDR4 2666Mhz,No,Yes,Yes,No,No,No,No,No,No,No,No,No,No,No,No,No,Yes,No,No,No,No,Yes,No,No,Yes,No,No,No,No,No,No,No,No,No,No,No,No,No,Yes,No,No,No,No,No,No,Yes,No,Yes
RAKT252,RAM Desktop Kingston HyperX Fury Black (HX426C16FB3/8) 8GB (1x8GB) DDR4 2666Mhz,No,Yes,No,No,No,No,No,No,No,No,No,No,Yes,No,No,No,No,No,No,No,No,Yes,No,No,Yes,No,No,No,No,No,No,No,No,No,No,No,No,No,Yes,No,No,No,No,No,No,Yes,No,Yes
RACO321,RAM Desktop Corsair Vengeance LPX (CMK8GX4M1D3000C16 ) 8GB (1x8GB) DDR4 3000MHz,No,Yes,No,No,No,No,Yes,No,No,No,No,No,No,No,No,No,Yes,No,No,No,No,Yes,No,No,Yes,No,No,No,No,No,No,No,No,No,No,No,No,No,No,No,Yes,No,No,No,No,Yes,No,Yes
RAGS446,RAM Desktop Gskill Trident Z RGB (F4-3600C18D-16GTZR) 16GB (2x8GB) DDR4 3600MHz,No,Yes,No,No,No,No,No,No,No,Yes,No,No,No,No,No,No,No,Yes,No,No,No,Yes,No,No,No,No,No,Yes,No,No,No,No,No,No,No,No,No,No,No,No,No,No,Yes,No,No,Yes,Yes,No
RACO326,Ram Desktop Corsair Vengeance RGB (CMW16GX4M1D3000C16) 16GB (1x16GB) DDR4 3000MHz,No,Yes,No,No,No,No,Yes,No,No,No,No,No,No,No,No,No,No,No,No,No,No,Yes,No,No,No,No,Yes,No,No,No,No,No,No,No,No,No,No,No,No,No,Yes,No,No,No,No,Yes,Yes,No
RACO335,Ram Desktop Corsair Vengeance PRO RGB (CMW32GX4M2D3600C18) 32GB (2x16GB) DDR4 3600MHz,No,Yes,No,No,No,No,Yes,No,No,No,No,No,No,No,No,No,No,No,Yes,No,No,Yes,No,No,No,No,No,No,No,No,Yes,No,No,No,No,No,No,No,No,No,No,No,Yes,No,No,Yes,Yes,No
RAAV117,Kit DDRam 4 AVEXIR 16GB/2400 (4*4GB) 4COR - Core (Tản nhiệt -Led đỏ),No,Yes,No,No,Yes,No,No,No,No,No,No,No,No,No,No,No,No,No,No,No,No,Yes,No,No,No,No,No,No,Yes,No,No,No,No,No,No,No,No,Yes,No,No,No,No,No,No,No,Yes,Yes,No
RAKT221,DDRam 4 Kingston ECC 16GB/2400Mhz -KVR24R17D4/16 Registered,No,Yes,No,No,No,No,No,No,No,No,No,No,Yes,No,No,No,No,No,No,No,No,Yes,No,No,No,No,Yes,No,No,No,No,No,No,No,No,No,No,Yes,No,No,No,No,No,No,Yes,No,No,Yes
RAAD233,DDRam 4 Adata Spectrix D80 8GB/3200 (1x8GB) -Black,No,Yes,Yes,No,No,No,No,No,No,No,No,No,No,No,No,No,No,No,No,No,No,Yes,No,No,No,No,No,No,No,No,No,No,No,No,No,No,No,No,No,No,No,Yes,No,No,No,Yes,No,No
RAAD237,RAM Desktop ADATA XPG D10 Red (AX4U2666316G16-SRG)16GB(1x16GB) DDR4 2666MHz ,No,Yes,Yes,No,No,No,No,No,No,No,No,No,No,No,No,No,No,No,No,No,No,Yes,No,No,No,No,Yes,No,No,No,No,No,No,No,No,No,No,No,Yes,No,No,No,No,No,No,Yes,No,Yes
RAAD252,RAM Desktop Adata XPG Spectrix D41 RGB (AX4U300038G16A-ST41) Grey 8GB (1x8GB) DDR4 3000MHz ,No,Yes,Yes,No,No,No,No,No,No,No,No,No,No,No,No,No,No,No,No,No,No,Yes,No,No,No,No,No,No,No,No,No,No,No,No,No,No,No,No,No,No,Yes,No,No,No,No,Yes,No,No
RACO327,Ram Desktop Corsair Vengeance RGB (CMW16GX4M2E3200C16) 16GB (2x8GB) DDR4 3200MHz,No,No,No,No,No,No,Yes,No,No,No,No,No,No,No,No,No,No,Yes,No,No,No,No,No,No,No,No,No,No,No,No,Yes,No,No,No,No,No,No,No,No,No,No,Yes,No,No,No,Yes,Yes,No
RACO279,RAM Desktop CORSAIR Vengeance LPX Red (CMK16GX4M2A2666C16R) 16GB (1x16GB) DDR4 2666MHz ,No,Yes,No,No,No,No,Yes,No,No,No,No,No,No,No,No,No,No,No,No,No,No,Yes,No,No,No,No,Yes,No,No,No,No,No,No,No,No,No,No,No,No,No,No,No,No,No,No,Yes,No,Yes
RAAD234,RAM Desktop ADATA XPG Spectrix D80 Red (AX4U3200316G16-SR80) 16GB (1x16GB) DDR4 3200MHz,No,Yes,Yes,No,No,No,No,No,No,No,No,No,No,No,No,No,No,No,No,No,No,Yes,No,No,No,No,Yes,No,No,No,No,No,No,No,No,No,No,No,No,No,No,Yes,No,No,No,Yes,Yes,No
RATE013,Ram Desktop Team Delta RGB LED White (TF4D416G3000HC16CDC01) 16GB (2x8GB) DDR4 3000MHz ,No,No,No,No,No,No,No,No,No,No,No,No,No,No,No,Yes,No,No,No,No,No,Yes,No,No,No,No,No,Yes,No,No,No,No,No,No,No,No,No,No,No,No,Yes,No,No,No,No,Yes,Yes,No
RAGS320,RAM Desktop Gskill Trident Z (F4-3200C16D-32GTZ) 32GB (2x16GB) DDR4 3200Mhz ,No,No,No,No,No,No,No,No,No,Yes,No,No,No,No,No,No,No,No,Yes,No,No,Yes,No,No,No,No,No,No,No,No,Yes,No,No,No,No,No,No,No,No,No,No,Yes,No,No,No,Yes,No,No
RAKT232,DDRam 4 Kingston ECC 16GB/2400Mhz -KSM24RS4/16MEI Registered,No,No,No,No,No,No,No,No,No,No,No,No,Yes,No,No,No,No,Yes,No,No,No,Yes,No,No,No,No,Yes,No,No,No,No,No,No,No,No,No,No,Yes,No,No,No,No,No,No,Yes,No,No,No
RAAD235,DDRam 4 Adata Spectrix D80 32GB/3200 (2x16GB) - Red,No,Yes,Yes,No,No,No,No,No,No,No,No,No,No,No,No,No,No,No,Yes,No,No,Yes,No,No,No,No,No,No,No,No,Yes,No,No,No,No,No,No,No,No,No,No,Yes,No,No,No,Yes,Yes,No
RATE021,Ram Desktop Team Elite Plus Red 4GB (1x4GB) DDR4 2666Mhz,No,Yes,No,No,No,No,No,No,No,No,No,No,No,No,No,Yes,No,No,No,No,No,Yes,No,Yes,No,No,No,No,No,No,No,No,No,No,No,No,No,No,No,No,No,No,No,No,No,Yes,No,Yes
RATE020,Ram Desktop Team Vulcan Z Red 8GB (1x8GB) DDR4 2666Mhz,No,No,No,No,No,No,No,No,No,No,No,No,No,No,No,Yes,No,No,No,No,No,Yes,No,No,No,No,No,No,No,No,No,No,No,No,No,No,No,No,No,No,No,No,No,No,No,Yes,No,Yes
RAHP207,RAM DDR4 HP 16GB DDR4-2666 (1x16GB) ECC Reg RAM (1XD85AA),No,Yes,No,No,No,No,No,No,No,No,Yes,No,No,No,No,No,No,No,Yes,No,No,Yes,No,No,No,No,Yes,No,No,No,No,No,No,No,No,No,No,No,Yes,No,No,No,No,No,Yes,No,No,Yes
RACO303,Ram 4 Corsair 16GB/4000 (2x8GB) - CMW16GX4M2K4000C19 Vengeance PRO RGB - Black,No,Yes,No,No,No,No,Yes,No,No,No,No,No,No,No,No,No,No,No,No,No,No,Yes,No,No,No,No,No,Yes,No,No,No,No,No,No,No,No,No,No,No,No,No,No,No,Yes,No,Yes,No,No
RAKT233,RAM Desktop KINGSTON HyperX Predator RGB (HX432C16PB3A/8) 8GB (1x8GB) DDR 3200MHz,No,No,No,No,No,No,No,No,No,No,No,No,Yes,No,No,No,No,No,No,No,No,Yes,No,No,No,No,No,No,No,No,No,No,No,No,No,No,No,No,No,No,No,Yes,No,No,No,Yes,No,No
RAKM210,Ram Desktop Kingmax Zeus Dragon (KM-LD4-2666-8GHS) 8G (1x8GB) DDR4 2666Mhz,No,Yes,No,No,No,No,No,No,No,No,No,Yes,No,No,No,No,No,No,No,No,No,Yes,No,No,No,No,No,No,No,No,No,No,No,No,No,No,No,No,Yes,No,No,No,No,No,No,Yes,No,Yes
RAGI001,RAM Desktop Gigabyte (GP-GR26C16S8K1HU408G) 8GB (1x8GB) DDR4 2666MHz,No,No,No,No,No,No,No,No,Yes,No,No,No,No,No,No,No,No,Yes,No,No,No,Yes,No,No,No,No,No,No,No,No,No,No,No,No,No,No,No,No,No,No,No,No,No,No,No,Yes,No,Yes
RACO329,Ram Desktop Corsair Vengeance LPX (CMK16GX4M1E3200C16) 16GB (1x16GB) DDR4 3200MHz,No,No,No,No,No,No,Yes,No,No,No,No,No,No,No,No,No,No,No,No,No,No,No,No,No,No,No,Yes,No,No,No,No,No,No,No,No,No,No,No,No,No,No,Yes,No,No,No,Yes,No,Yes
RAKT207,DDRam 4 Kingston ECC 8GB Bus 2400Mhz -KVR24E17S8/8MA,No,Yes,No,No,No,No,No,No,No,No,No,No,Yes,No,No,No,No,No,No,No,No,Yes,No,No,No,No,No,No,No,No,No,No,No,No,No,No,No,Yes,No,No,No,No,No,No,Yes,No,No,Yes
RAGS321,RAM Desktop Gskill (F4-2666C19S-8GNT) 8GB (1x8GB) DDR4 2666MHz,No,Yes,No,No,No,No,No,No,No,Yes,No,No,No,No,No,No,No,No,No,No,No,Yes,No,No,No,No,No,No,No,No,No,No,No,No,No,No,No,No,No,No,No,No,No,No,No,Yes,No,Yes
RAAD248,RAM Desktop ADATA XPG Spectrix D41 RGB Red (AX4U300038G16A-DR41) 16GB (2x8GB) 3000MHz,No,No,Yes,No,No,No,No,No,No,No,No,No,No,No,No,No,No,Yes,No,No,No,Yes,No,No,No,No,No,No,No,No,No,No,No,No,No,No,No,No,No,No,Yes,No,No,No,No,Yes,Yes,No
RAKT271,Ram Desktop Kingston HyperX Fury RGB (HX432C16FB4K2/32) 32GB (2x16GB) DDR4 3200Mhz,No,Yes,No,No,No,No,No,No,No,No,No,No,Yes,No,No,No,No,No,No,No,No,No,No,No,No,No,No,No,No,No,Yes,No,No,No,No,No,No,No,No,No,No,Yes,No,No,No,No,No,Yes
RAAD012,RAM Adata ECC 8GB/1600,Yes,No,Yes,No,No,No,No,No,No,No,No,No,No,No,No,No,No,No,No,No,Yes,No,No,No,No,No,No,No,No,No,No,No,No,No,No,Yes,No,No,No,No,No,No,No,No,Yes,No,No,Yes
RAAD244,RAM Desktop ADATA XPG Spectrix D41 RGB Red (AX4U3000316G16A-SR41) 16GB(1x16GB) 3000Mhz ,No,Yes,Yes,No,No,No,No,No,No,No,No,No,No,No,No,No,No,No,No,No,No,Yes,No,No,No,No,Yes,No,No,No,No,No,No,No,No,No,No,No,No,No,Yes,No,No,No,No,Yes,Yes,No
RAHP205,RAM DDR4 HP 16GB DDR4-2666 (1x16GB) nECC RAM (3PL82AA),No,No,No,No,No,No,No,No,No,No,Yes,No,No,No,No,No,No,No,Yes,No,No,Yes,No,No,No,No,Yes,No,No,No,No,No,No,No,No,No,No,No,No,No,No,No,No,No,No,Yes,No,Yes
RAAD259,Ram Desktop Adata XPG Gammix D10 (AX4U300038G16A-SB10) 8GB (1x8GB) DDR4 3000Mhz,No,Yes,Yes,No,No,No,No,No,No,No,No,No,No,No,No,No,No,No,No,No,No,Yes,No,No,No,No,Yes,No,No,No,No,No,No,No,No,No,No,No,No,No,Yes,No,No,No,No,Yes,No,Yes
