Code,Name,acbel,aerocool,asus,cisco,coolermaster,corsair,fsp,gamemax,gigabyte,hangkhac,jetek,jupistar,kenoo,sama,seasonic,silverstone,superflower,thermaltake,xigmatek,xtech,duoi-2trieu,2trieu-4trieu,4trieu-8trieu,tren-8trieu,duoi-400w,400w-550w,550w-650w,650w-800w,800w-1000w,tren-1000w,80-plus,80-plus-bronze,80-plus-gold,80-plus-platinum,80-plus-titanium,non-modular-day-lien-toan-bo,full-modular-day-roi-toan-bo,semi-modular-day-roi-tru-24-pin-8-pin,1-1,1-1-1,2-1-1,7-1,1-2,3-4,5-6,1-4,5-8,9-12,13-16,1-5-1-1-1,6-10-1-1-1,sfx,flex-atx,atx-1
PWFP035,Nguồn FSP Power Supply HEXA 85+ Series Model HA450 Active PFC  (80 Plus  Bronze/Direct Cable /Micro ATX/Màu Đen),No,No,No,No,No,No,Yes,No,No,No,No,No,No,No,No,No,No,No,No,No,Yes,No,No,No,No,Yes,No,No,No,No,No,Yes,No,No,No,Yes,No,No,Yes,Yes,No,No,Yes,Yes,No,Yes,Yes,No,No,Yes,No,No,No,Yes
PWFP037,Nguồn FSP Power Supply HEXA 85 Series Model HA650 Active PFC (80 Plus  Bronze/Direct Cable/Micro ATX/Màu Đen),No,No,No,No,No,No,Yes,No,No,No,No,No,No,No,No,No,No,No,No,No,Yes,No,No,No,No,No,Yes,Yes,No,No,No,Yes,No,No,No,Yes,No,No,Yes,Yes,No,No,Yes,Yes,No,Yes,Yes,No,No,Yes,No,No,No,Yes
PWFP049,Nguồn FSP Power Supply FlexGURU Series Model FSP250-50FGBBI  Active PFC (80 Plus /Flex ATX/Màu Đen),No,No,No,No,No,No,Yes,No,No,No,No,No,No,No,No,No,No,No,No,No,Yes,No,No,No,Yes,No,No,No,No,No,No,No,No,No,No,No,Yes,No,Yes,Yes,No,No,No,No,No,Yes,No,No,No,Yes,No,No,Yes,No
PWFP028,Nguồn FSP Power Supply AURUM PT Series PT 1200FM   Active PFC (80 Plus  Platinum/Full Modular/Màu Đen),No,No,No,No,No,No,Yes,No,No,No,No,No,No,No,No,No,No,No,No,No,No,No,Yes,No,No,No,No,No,No,Yes,No,No,No,Yes,No,No,No,No,No,No,No,No,No,No,No,No,No,No,No,No,No,No,No,No
PWFP038,Nguồn FSP Power Supply HYDRO PTM Series Model HPT650M Active PFC (92 Plus  Platinum/Full Modular /Micro ATX/Màu Đen),No,No,No,No,No,No,Yes,No,No,No,No,No,No,No,No,No,No,No,No,No,No,Yes,No,No,No,No,No,Yes,No,No,No,No,No,Yes,No,No,Yes,No,Yes,Yes,No,No,Yes,Yes,No,Yes,Yes,Yes,No,Yes,No,No,No,Yes
PWFP043,Nguồn FSP Power Supply HYPER M85+ Series Model HA550M Active PFC (80 Plus  Bronze/Direct Cable/Micro ATX/Màu Đen),No,No,No,No,No,No,Yes,No,No,No,No,No,No,No,No,No,No,No,No,No,Yes,No,No,No,No,Yes,Yes,No,No,No,No,Yes,No,No,No,No,No,Yes,Yes,Yes,No,No,No,Yes,No,Yes,Yes,No,No,Yes,No,No,No,Yes
PWJU001,Nguồn Jupistar 500W 24P (Màu Trắng),No,No,No,No,No,No,No,No,No,No,No,Yes,No,No,No,No,No,No,No,No,Yes,No,No,No,No,Yes,No,No,No,No,No,No,No,No,No,Yes,No,No,Yes,No,No,No,No,No,No,Yes,No,No,No,Yes,No,No,No,Yes
PWFP010,Nguồn FSP Power Supply HYDRO Series Model HD600  Active PFC (80 Plus  Bronze/Màu Đen),No,No,No,No,No,No,Yes,No,No,No,No,No,No,No,No,No,No,No,No,No,Yes,No,No,No,No,No,Yes,No,No,No,No,Yes,No,No,No,No,No,No,No,No,No,No,No,No,No,No,No,No,No,No,No,No,No,No
PWCO051,Nguồn Corsair SF Series SF600  600W (80 Plus  Gold Certified High Performance SFX/Màu Đen),No,No,No,No,No,Yes,No,No,No,No,No,No,No,No,No,No,No,No,No,No,No,Yes,No,No,No,No,No,No,No,No,No,No,No,No,No,No,No,No,No,No,No,No,No,No,No,No,No,No,No,No,No,No,No,No
PWFP040,Nguồn FSP Power Supply HYDRO-GE Series Model HGE650 Active PFC (80 Plus  Gold/Full Modular/ ATX/Màu Đen),No,No,No,No,No,No,Yes,No,No,No,No,No,No,No,No,No,No,No,No,No,No,Yes,No,No,No,No,Yes,Yes,No,No,No,No,Yes,No,No,No,Yes,No,Yes,No,Yes,No,No,Yes,No,No,No,Yes,No,Yes,No,No,No,Yes
PWGM004,Nguồn GAMEMAX VP350 - 350W (Tray/Màu Đen),No,No,No,No,No,No,No,Yes,No,No,No,No,No,No,No,No,No,No,No,No,Yes,No,No,No,Yes,No,No,No,No,No,No,No,No,No,No,Yes,No,No,Yes,Yes,No,No,No,No,No,Yes,No,No,No,Yes,No,No,No,Yes
PWFP011,Nguồn FSP Power Supply HYDRO Series Model HD700  Active PFC (80 Plus  Bronze/Màu Đen),No,No,No,No,No,No,Yes,No,No,No,No,No,No,No,No,No,No,No,No,No,Yes,No,No,No,No,No,No,Yes,No,No,No,Yes,No,No,No,No,No,No,No,No,No,No,No,No,No,No,No,No,No,No,No,No,No,No
PWFP053,FSP Power Supply HYDRO G PRO Series Model HG2-1000 - Active PFC - 80 Plus Gold - Full Modular,No,No,No,No,No,No,Yes,No,No,No,No,No,No,No,No,No,No,No,No,No,No,Yes,No,No,No,No,No,No,Yes,No,No,No,Yes,No,No,No,Yes,No,Yes,No,Yes,Yes,No,No,No,No,No,No,Yes,Yes,No,No,No,Yes
PWFP041,Nguồn FSP Power Supply HYDRO PTM+ Series 1200W Active PFC (80 Plus  Platinum/Full Modular/Màu Đen),No,No,No,No,No,No,Yes,No,No,No,No,No,No,No,No,No,No,No,No,No,No,No,No,Yes,No,No,No,No,No,Yes,No,No,No,Yes,No,No,Yes,No,Yes,No,Yes,Yes,Yes,Yes,Yes,Yes,Yes,Yes,No,Yes,No,No,No,Yes
PWFP042,Nguồn FSP Power Supply HYPER K Series HP500 Active PFC (80 Plus  Standard/Màu Đen),No,No,No,No,No,No,Yes,No,No,No,No,No,No,No,No,No,No,No,No,No,Yes,No,No,No,No,Yes,No,No,No,No,Yes,No,No,No,No,Yes,No,No,Yes,Yes,No,No,Yes,No,No,Yes,Yes,No,No,Yes,No,No,No,Yes
PWCO073,Nguồn Corsair RM Series RM850 - 850W (80 Plus  Gold Certified Full Modular/Màu Đen),No,No,No,No,No,Yes,No,No,No,No,No,No,No,No,No,No,No,No,No,No,No,Yes,No,No,No,No,No,No,Yes,No,No,No,Yes,No,No,No,Yes,No,Yes,No,Yes,No,No,No,Yes,No,No,Yes,No,Yes,No,No,No,Yes
PWJE008,Nguồn Jetek M600 600W (Màu Đen/Led RGB ),No,No,No,No,No,No,No,No,No,No,Yes,No,No,No,No,No,No,No,No,No,Yes,No,No,No,No,No,Yes,No,No,No,Yes,No,No,No,No,Yes,No,No,Yes,Yes,No,No,Yes,No,No,Yes,No,No,No,Yes,No,No,No,Yes
PWGM001,Nguồn GAMEMAX VP450 - 450W (Màu Đen),No,No,No,No,No,No,No,Yes,No,No,No,No,No,No,No,No,No,No,No,No,Yes,No,No,No,No,Yes,No,No,No,No,No,No,No,No,No,Yes,No,No,Yes,Yes,No,No,Yes,No,No,Yes,No,No,No,Yes,No,No,No,Yes
PWCO072,Nguồn Corsair RM Series RM750 - 750W (80 Plus  Gold Certified Full Modular/Màu Đen),No,No,No,No,No,Yes,No,No,No,No,No,No,No,No,No,No,No,No,No,No,No,Yes,No,No,No,No,No,Yes,No,No,No,No,Yes,No,No,No,Yes,No,Yes,Yes,No,No,No,Yes,No,No,Yes,No,No,Yes,No,No,No,Yes
PWGM002,Nguồn GAMEMAX VP500 - 500W (80 Plus/Màu Đen),No,No,No,No,No,No,No,Yes,No,No,No,No,No,No,No,No,No,No,No,No,Yes,No,No,No,No,Yes,No,No,No,No,Yes,No,No,No,No,Yes,No,No,Yes,Yes,No,No,Yes,No,No,Yes,No,No,No,Yes,No,No,No,Yes
PWAS001,Nguồn Asus ROG Thor 850W Platinum - RGB 850W 80 Plus Platinum Full Modular,No,No,Yes,No,No,No,No,No,No,No,No,No,No,No,No,No,No,No,No,No,No,No,Yes,No,No,No,No,No,Yes,No,No,No,No,Yes,No,No,Yes,No,Yes,No,No,No,No,No,No,No,No,No,No,No,No,No,No,Yes
PWGM003,Nguồn GAMEMAX VP600 - 600W (80 Plus/Màu Đen),No,No,No,No,No,No,No,Yes,No,No,No,No,No,No,No,No,No,No,No,No,Yes,No,No,No,No,No,Yes,No,No,No,Yes,No,No,No,No,Yes,No,No,Yes,Yes,No,No,Yes,No,No,Yes,No,No,No,Yes,No,No,No,Yes
PWAS002,Nguồn Asus ROG Thor 1200W Platinum - RGB 1200W 80 Plus Platinum Full Modular,No,No,Yes,No,No,No,No,No,No,No,No,No,No,No,No,No,No,No,No,No,No,No,No,Yes,No,No,No,No,No,Yes,No,No,No,Yes,No,No,No,No,No,No,No,No,No,No,No,No,No,No,No,No,No,No,No,No
PWFP050,Nguồn FSP Power Supply HYDRO G PRO Series Model HG2-750  Active PFC (80 Plus Gold/Full Modular/Màu Đen),No,No,No,No,No,No,Yes,No,No,No,No,No,No,No,No,No,No,No,No,No,No,Yes,No,No,No,No,No,Yes,No,No,No,No,Yes,No,No,No,Yes,No,Yes,Yes,Yes,No,Yes,Yes,No,Yes,Yes,No,Yes,Yes,No,No,No,Yes
PWXM019,Nguồn Xigmatek X-POWER II 500 450W (Màu Đen),No,No,No,No,No,No,No,No,No,No,No,No,No,No,No,No,No,No,Yes,No,Yes,No,No,No,No,Yes,No,No,No,No,Yes,No,No,No,No,Yes,No,No,Yes,Yes,No,No,Yes,No,No,Yes,No,No,No,Yes,No,No,No,Yes
PWJE010,Nguồn Jetek P700 700W (Màu Đen/Led RGB ),No,No,No,No,No,No,No,No,No,No,Yes,No,No,No,No,No,No,No,No,No,Yes,No,No,No,No,No,No,Yes,No,No,No,Yes,No,No,No,Yes,No,No,Yes,Yes,No,No,No,Yes,No,No,Yes,No,No,Yes,No,No,No,Yes
PWFP052,FSP Power Supply HYDRO G PRO Series Model HG2-850 - Active PFC - 80 Plus Gold - Full Modular,No,No,No,No,No,No,Yes,No,No,No,No,No,No,No,No,No,No,No,No,No,No,Yes,No,No,No,No,No,No,Yes,No,No,No,Yes,No,No,No,Yes,No,Yes,No,Yes,No,No,No,Yes,No,No,No,Yes,Yes,No,No,No,Yes
PWJE009,Nguồn Jetek P500 500W (Màu Đen/Led RGB ),No,No,No,No,No,No,No,No,No,No,Yes,No,No,No,No,No,No,No,No,No,Yes,No,No,No,No,Yes,No,No,No,No,No,Yes,No,No,No,Yes,No,No,Yes,Yes,No,No,Yes,No,No,Yes,No,No,No,Yes,No,No,No,Yes
PWJE007,Nguồn Jetek M600 600W (Màu Đen),No,No,No,No,No,No,No,No,No,No,Yes,No,No,No,No,No,No,No,No,No,Yes,No,No,No,No,No,Yes,No,No,No,Yes,No,No,No,No,Yes,No,No,Yes,Yes,No,No,Yes,No,No,Yes,No,No,No,Yes,No,No,No,Yes
PWJE005,Nguồn Jetek M500  500W (Màu Đen/Led RGB ),No,No,No,No,No,No,No,No,No,No,Yes,No,No,No,No,No,No,No,No,No,Yes,No,No,No,No,Yes,No,No,No,No,Yes,No,No,No,No,Yes,No,No,Yes,Yes,No,No,Yes,No,No,Yes,No,No,No,Yes,No,No,No,Yes
PWFP034,Nguồn FSP Power Supply HYPER K Series HP600  Active PFC (80 Plus  Standard/Màu Đen),No,No,No,No,No,No,Yes,No,No,No,No,No,No,No,No,No,No,No,No,No,Yes,No,No,No,No,No,Yes,No,No,No,Yes,No,No,No,No,Yes,No,No,Yes,Yes,No,No,Yes,No,No,Yes,Yes,No,No,Yes,No,No,No,Yes
PWKE001,Nguồn Kenoo ATX550  550w (Màu Trắng),No,No,No,No,No,No,No,No,No,No,No,No,Yes,No,No,No,No,No,No,No,Yes,No,No,No,No,No,Yes,No,No,No,No,No,No,No,No,Yes,No,No,Yes,No,No,No,No,No,No,Yes,No,No,No,Yes,No,No,No,Yes
PWFP004,Nguồn FSP Power Supply HYN Series HYN450ATX Active PFC (Màu Đen),No,No,No,No,No,No,Yes,No,No,No,No,No,No,No,No,No,No,No,No,No,Yes,No,No,No,No,Yes,No,No,No,No,No,No,No,No,No,No,No,No,No,No,No,No,No,No,No,No,No,No,No,No,No,No,No,No
PWJE006,Nguồn Jetek P600 600W (Màu Đen/Led RGB ),No,No,No,No,No,No,No,No,No,No,Yes,No,No,No,No,No,No,No,No,No,Yes,No,No,No,No,No,Yes,No,No,No,No,Yes,No,No,No,Yes,No,No,Yes,Yes,No,No,No,Yes,No,Yes,No,No,No,Yes,No,No,No,Yes
PWFP048,Nguồn FSP HYDRO PTM+ Series 850W - Active PFC - 80 Plus Platinum - Full Modular,No,No,No,No,No,No,Yes,No,No,No,No,No,No,No,No,No,No,No,No,No,No,No,Yes,No,No,No,No,No,Yes,No,No,No,No,Yes,No,No,Yes,No,Yes,No,Yes,Yes,No,No,No,No,No,Yes,No,Yes,No,No,No,Yes
PWAC082,Nguồn Acbel iPower G550 550W (80 Plus/Màu Đen),Yes,No,No,No,No,No,No,No,No,No,No,No,No,No,No,No,No,No,No,No,Yes,No,No,No,No,Yes,Yes,No,No,No,No,No,No,No,No,Yes,No,No,Yes,Yes,No,No,Yes,No,No,Yes,No,No,No,Yes,No,No,No,Yes
PWFP005,Nguồn FSP Power Supply HYN Series HYN500ATX  Active PFC (Màu Đen),No,No,No,No,No,No,Yes,No,No,No,No,No,No,No,No,No,No,No,No,No,Yes,No,No,No,No,Yes,No,No,No,No,No,No,No,No,No,No,No,No,No,No,No,No,No,No,No,No,No,No,No,No,No,No,No,No
PWJE004,Nguồn Jetek M500 500W (Màu Đen),No,No,No,No,No,No,No,No,No,No,Yes,No,No,No,No,No,No,No,No,No,Yes,No,No,No,No,Yes,No,No,No,No,Yes,No,No,No,No,Yes,No,No,Yes,Yes,No,No,Yes,No,No,Yes,No,No,No,Yes,No,No,No,Yes
PWJE017,Nguồn Jetek E550 550W (Màu Đen/Led RGB ),No,No,No,No,No,No,No,No,No,No,Yes,No,No,No,No,No,No,No,No,No,Yes,No,No,No,No,Yes,Yes,No,No,No,No,No,Yes,No,No,Yes,No,No,Yes,Yes,No,No,Yes,No,No,Yes,No,No,No,Yes,No,No,No,Yes
PWFP021,Nguồn FSP Power Supply HYDRO X Series HGX550 Active PFC (80 Plus  Gold/Màu Đen),No,No,No,No,No,No,Yes,No,No,No,No,No,No,No,No,No,No,No,No,No,No,Yes,No,No,No,Yes,Yes,No,No,No,No,No,Yes,No,No,No,No,Yes,Yes,Yes,No,No,No,Yes,No,No,Yes,No,No,Yes,No,No,No,Yes
PWGO061,Nguồn ARESZE EPS600ELA (80 Plus /Màu Đen),No,No,No,No,No,No,No,No,No,Yes,No,No,No,No,No,No,No,No,No,No,Yes,No,No,No,No,No,Yes,No,No,No,Yes,No,No,No,No,No,No,No,No,No,No,No,No,No,No,No,No,No,No,No,No,No,No,No
PWFP044,Nguồn FSP Power Supply HYPER M85+ Series Model HA650M Active PFC (80 Plus  Bronze/Direct Cable/Micro ATX/Màu Đen),No,No,No,No,No,No,Yes,No,No,No,No,No,No,No,No,No,No,No,No,No,No,No,No,No,No,No,Yes,Yes,No,No,No,Yes,No,No,No,No,No,Yes,Yes,No,No,No,Yes,Yes,No,Yes,Yes,No,No,Yes,No,No,No,Yes
PWAE005,Nguồn Aero Cool Lux RGB 650W ( 80 Plus Bronze/Màu Đen/Led RGB),No,Yes,No,No,No,No,No,No,No,No,No,No,No,No,No,No,No,No,No,No,No,No,No,No,No,No,No,Yes,No,No,No,Yes,No,No,No,No,No,No,Yes,Yes,No,No,Yes,No,No,No,Yes,No,No,Yes,No,No,No,Yes
PWFP055,Nguồn FSP Power Supply HYDRO PTM Series HPT2-750  Active PFC (80 Plus Platinum/Full Modular /Micro ATX/Màu Đen),No,No,No,No,No,No,No,No,No,Yes,No,No,No,No,No,No,No,No,No,No,No,Yes,No,No,No,No,No,Yes,No,No,No,No,No,Yes,No,No,Yes,No,Yes,No,Yes,No,No,No,Yes,No,No,No,Yes,Yes,No,No,No,Yes
PWFP051,FSP Power Supply DAGGER PRO Series Model SDA2-650 - Active PFC (80 Plus Gold/Full Modular/Màu Đen/SFX),No,No,No,No,No,No,Yes,No,No,No,No,No,No,No,No,No,No,No,No,No,No,Yes,No,No,No,No,Yes,Yes,No,No,No,No,Yes,No,No,No,Yes,No,Yes,No,Yes,No,Yes,No,No,No,Yes,No,No,Yes,No,Yes,No,No
PWCM131,Nguồn máy tính Cooler Master MWE White 650 Full Range   (Màu Đen),No,No,No,No,Yes,No,No,No,No,No,No,No,No,No,No,No,No,No,No,No,No,No,No,No,No,No,No,No,No,No,No,No,No,No,No,No,No,No,No,No,No,No,No,No,No,No,No,No,No,No,No,No,No,No
PWCM135,Nguồn máy tính Cooler Master MWE V2 230V 450 450W Plus Bronze  (80 Plus Bronze/Màu Đen) ,No,No,No,No,Yes,No,No,No,No,No,No,No,No,No,No,No,No,No,No,No,Yes,No,No,No,No,Yes,No,No,No,No,No,Yes,No,No,No,Yes,No,No,Yes,Yes,No,No,Yes,No,No,Yes,No,No,No,Yes,No,No,No,Yes
PWCM090,Nguồn máy tính Cooler Master Elite V3 230V PC600 600W (Màu Đen),No,No,No,No,Yes,No,No,No,No,No,No,No,No,No,No,No,No,No,No,No,No,No,No,No,No,No,Yes,No,No,No,No,No,No,No,No,Yes,No,No,Yes,Yes,No,No,Yes,No,No,No,Yes,No,No,Yes,No,No,No,Yes
PWCO071,Nguồn Corsair RM Series RM650 - 650W  (80 Plus  Gold Certified Full Modular/Màu Đen),No,No,No,No,No,Yes,No,No,No,No,No,No,No,No,No,No,No,No,No,No,No,Yes,No,No,No,No,No,Yes,No,No,No,No,Yes,No,No,No,Yes,No,Yes,Yes,No,No,No,Yes,No,No,Yes,No,No,Yes,No,No,No,Yes
PWAE007,Nguồn Aerocool VX PLUS 350 230V N-PFC 350W ( Màu Đen),No,Yes,No,No,No,No,No,No,No,No,No,No,No,No,No,No,No,No,No,No,No,No,No,No,No,No,No,No,No,No,No,No,No,No,No,No,No,No,No,No,No,No,No,No,No,No,No,No,No,No,No,No,No,No
PWCM136,Nguồn máy tính Cooler Master MWE V2 230V 650 650W Plus Bronze  (80 Plus Bronze/Màu Đen)  ,No,No,No,No,Yes,No,No,No,No,No,No,No,No,No,No,No,No,No,No,No,Yes,No,No,No,No,No,No,Yes,No,No,No,Yes,No,No,No,Yes,No,No,Yes,No,Yes,No,No,Yes,No,No,Yes,No,No,Yes,No,No,No,Yes
PWCM124,Nguồn Cooler Master V1000 1000W (80 Plus  Gold Full Modular/Màu Đen),No,No,No,No,Yes,No,No,No,No,No,No,No,No,No,No,No,No,No,No,No,No,No,Yes,No,No,No,No,No,Yes,No,No,No,Yes,No,No,No,Yes,No,Yes,No,Yes,Yes,No,No,No,No,No,Yes,No,Yes,No,No,No,Yes
PWAE008,Nguồn Aerocool VX PLUS 400 230V N-PFC400W ( Màu Đen),No,Yes,No,No,No,No,No,No,No,No,No,No,No,No,No,No,No,No,No,No,No,No,No,No,No,No,No,No,No,No,No,No,No,No,No,No,No,No,No,No,No,No,No,No,No,No,No,No,No,No,No,No,No,No
PWGI015,Nguồn máy tính GIGABYTE GP-P550B- 550W (80 PLus Bronze/Màu Đen),No,No,No,No,No,No,No,No,Yes,No,No,No,No,No,No,No,No,No,No,No,No,No,No,No,No,Yes,Yes,No,No,No,No,Yes,No,No,No,Yes,No,No,Yes,Yes,No,No,Yes,No,No,No,Yes,No,No,Yes,No,No,No,Yes
PWCO075,Nguồn Corsair Series CV 450 450W (80 Plus Bronze/Màu Đen),No,No,No,No,No,Yes,No,No,No,No,No,No,No,No,No,No,No,No,No,No,No,No,No,No,No,Yes,No,No,No,No,No,Yes,No,No,No,Yes,No,No,Yes,No,No,No,Yes,No,No,No,Yes,No,No,Yes,No,No,No,Yes
PWAE009,Nguồn Aerocool VX PLUS 500 230V N-PFC 500W ( Màu Đen),No,Yes,No,No,No,No,No,No,No,No,No,No,No,No,No,No,No,No,No,No,No,No,No,No,No,No,No,No,No,No,No,No,No,No,No,No,No,No,No,No,No,No,No,No,No,No,No,No,No,No,No,No,No,No
PWXT001,Nguồn máy tính XTECH XT- 350W (Màu Đen/Fan Đỏ),No,No,No,No,No,No,No,No,No,No,No,No,No,No,No,No,No,No,No,Yes,No,No,No,No,Yes,No,No,No,No,No,No,No,No,No,No,Yes,No,No,Yes,Yes,No,No,Yes,No,No,Yes,No,No,No,Yes,No,No,No,Yes
PWCO096,Nguồn Corsair HX1200 1200W (80 Platinum/Màu Đen/Full Modul),No,No,No,No,No,Yes,No,No,No,No,No,No,No,No,No,No,No,No,No,No,No,No,Yes,No,No,No,No,No,No,Yes,No,No,No,Yes,No,No,Yes,No,Yes,No,Yes,Yes,No,No,No,No,No,No,No,No,Yes,No,No,Yes
PWFP003,Nguồn FSP Power Supply AX Series AX400ATX  Active PFC (Màu Đen/Không kèm dây nguồn),No,No,No,No,No,No,Yes,No,No,No,No,No,No,No,No,No,No,No,No,No,No,No,No,No,No,Yes,No,No,No,No,No,No,No,No,No,No,No,No,No,No,No,No,No,No,No,No,No,No,No,No,No,No,No,No
PWSS007,Nguồn SilverStone SFX SST SX650 G 650W (80 Plus  Gold/Full Modular/Màu Đen),No,No,No,No,No,No,No,No,No,No,No,No,No,No,No,Yes,No,No,No,No,No,Yes,No,No,No,No,Yes,No,No,No,No,No,Yes,No,No,No,Yes,No,Yes,No,No,No,No,Yes,No,No,Yes,No,No,Yes,No,Yes,No,No
PWAE010,Nguồn Aerocool VX PLUS 600 230V N-PFC 600W ( Màu Đen),No,Yes,No,No,No,No,No,No,No,No,No,No,No,No,No,No,No,No,No,No,No,No,No,No,No,No,Yes,No,No,No,No,No,No,No,No,Yes,No,No,Yes,Yes,No,No,Yes,No,No,Yes,No,No,No,No,No,No,No,Yes
PWCO097,Nguồn Corsair AX1600i 1600W (80 Plus Titanium/ Full Modular/Màu Đen),No,No,No,No,No,Yes,No,No,No,No,No,No,No,No,No,No,No,No,No,No,No,No,No,Yes,No,No,No,No,No,No,No,No,No,No,No,No,No,No,No,No,No,No,No,No,No,No,No,No,No,No,No,No,No,No
PWGI013,Nguồn Gigabyte GAGP-PB650 650W  Active PFC (80 Plus  Bronze/Màu Đen),No,No,No,No,No,No,No,No,Yes,No,No,No,No,No,No,No,No,No,No,No,No,No,No,No,No,No,No,Yes,No,No,No,Yes,No,No,No,No,Yes,No,Yes,No,No,No,No,Yes,No,No,Yes,No,No,Yes,No,No,No,Yes
PWFP054,FSP Power Supply SFX PRO Series Model FSP450-50SAC Active PFC - 80 Plus Bronze  -  SFX,No,No,No,No,No,No,Yes,No,No,No,No,No,No,No,No,No,No,No,No,No,No,No,No,No,No,Yes,No,No,No,No,No,Yes,No,No,No,No,No,No,Yes,Yes,No,No,Yes,No,No,Yes,No,No,No,Yes,No,Yes,No,No
PWCM137,Nguồn máy tính Cooler Master MWE V2 230V 550 550W Plus Bronze  (80 Plus Bronze/Màu Đen) ,No,No,No,No,Yes,No,No,No,No,No,No,No,No,No,No,No,No,No,No,No,No,No,No,No,No,Yes,Yes,No,No,No,No,Yes,No,No,No,Yes,No,No,Yes,Yes,No,No,Yes,No,No,No,Yes,No,No,Yes,No,No,No,Yes
PWCO078,Nguồn Corsair Series CV 650 650W (80 Plus Brone/Mầu Đen) ,No,No,No,No,No,Yes,No,No,No,No,No,No,No,No,No,No,No,No,No,No,Yes,No,No,No,No,No,Yes,Yes,No,No,No,Yes,No,No,No,Yes,No,No,Yes,Yes,No,No,Yes,No,No,No,Yes,No,No,Yes,No,No,No,Yes
PWCM138,Nguồn máy tính Cooler Master MWE GOLD 750 - V2  750W ( 80 Plus Gold/Màu Đen/Full Modular),No,No,No,No,Yes,No,No,No,No,No,No,No,No,No,No,No,No,No,No,No,No,Yes,No,No,No,No,No,Yes,No,No,No,No,Yes,No,No,Yes,No,No,Yes,No,Yes,No,No,Yes,No,No,No,Yes,No,Yes,No,No,No,Yes
PWFP006,Nguồn FSP Power Supply HYN Series HYN550ATX  Active PFC (Màu Đen),No,No,No,No,No,No,Yes,No,No,No,No,No,No,No,No,No,No,No,No,No,No,No,No,No,No,Yes,Yes,No,No,No,No,No,No,No,No,No,No,No,No,No,No,No,No,No,No,No,No,No,No,No,No,No,No,No
PWCO076,Nguồn Corsair Series CV 550 550W (80 Plus Bronze/Màu Đen),No,No,No,No,No,Yes,No,No,No,No,No,No,No,No,No,No,No,No,No,No,Yes,No,No,No,No,Yes,Yes,No,No,No,No,Yes,No,No,No,No,No,No,Yes,Yes,No,No,Yes,No,No,No,Yes,No,No,Yes,No,No,No,Yes
PWCM099,Nguồn Cooler Master MWE Gold 650 (80 Plus  Gold Full Modular/Màu Đen),No,No,No,No,Yes,No,No,No,No,No,No,No,No,No,No,No,No,No,No,No,No,No,No,No,No,No,Yes,Yes,No,No,No,No,Yes,No,No,No,Yes,No,Yes,No,No,No,No,Yes,No,No,Yes,No,No,No,Yes,No,No,Yes
PWCO077,Nguồn Corsair SF750 - 80 PLUS® Platinum 750W SFX ,No,No,No,No,No,Yes,No,No,No,No,No,No,No,No,No,No,No,No,No,No,No,Yes,No,No,No,No,No,Yes,No,No,No,No,No,Yes,No,No,Yes,No,Yes,No,Yes,No,No,Yes,No,No,Yes,No,No,Yes,No,Yes,No,No
PWCM139,Nguồn máy tính Cooler Master MWE GOLD 850 - V2  850W ( 80 Plus Gold/Màu Đen/Full Modular),No,No,No,No,Yes,No,No,No,No,No,No,No,No,No,No,No,No,No,No,No,No,Yes,No,No,No,No,No,No,Yes,No,No,No,Yes,No,No,Yes,No,No,Yes,No,Yes,No,No,Yes,No,No,No,Yes,No,Yes,No,No,No,Yes
PWFP007,Nguồn FSP Power Supply HYPER Series Model HP500 Active PFC (80 Plus  Standard/Màu Đen),No,No,No,No,No,No,Yes,No,No,No,No,No,No,No,No,No,No,No,No,No,No,No,No,No,No,Yes,No,No,No,No,No,No,No,No,No,No,No,No,No,No,No,No,No,No,No,No,No,No,No,No,No,No,No,No
PWTH056,Nguồn Thermaltake Toughpower iRGB 850w (80 Plus  Platinum/Màu Đen/Fan RGB),No,No,No,No,No,No,No,No,No,No,No,No,No,No,No,No,No,Yes,No,No,No,No,Yes,No,No,No,No,No,Yes,No,No,No,No,Yes,No,No,Yes,No,Yes,No,Yes,Yes,No,No,Yes,No,No,Yes,No,Yes,No,No,No,Yes
PWCO079,Nguồn  Corsair SF600 - 80 PLUS® Platinum 600W SFX ,No,No,No,No,No,Yes,No,No,No,No,No,No,No,No,No,No,No,No,No,No,No,Yes,No,No,No,No,No,No,No,No,No,No,No,No,No,No,No,No,No,No,No,No,No,No,No,No,No,No,No,No,No,No,No,No
PWJE061,Nguồn máy tính Jetek SWAT 750 750W (80 Plus Bronze / Màu đen),No,No,No,No,No,No,No,No,No,No,Yes,No,No,No,No,No,No,No,No,No,No,No,No,No,No,No,No,Yes,No,No,No,Yes,No,No,No,Yes,No,No,Yes,No,Yes,No,No,Yes,No,No,Yes,No,No,Yes,No,No,No,Yes
PWCM118,Nguồn Cooler Master MWE Bronze V2 700w (80 Plus  Bronze/Màu Đen),No,No,No,No,Yes,No,No,No,No,No,No,No,No,No,No,No,No,No,No,No,No,No,No,No,No,No,No,Yes,No,No,No,Yes,No,No,No,Yes,No,No,Yes,No,Yes,No,No,Yes,No,No,Yes,No,No,Yes,No,No,No,Yes
PWCM141,Nguồn máy tính Cooler Master MWE V2 230V 500 500W Plus Bronze  (80 Plus Bronze/Màu Đen)  ,No,No,No,No,Yes,No,No,No,No,No,No,No,No,No,No,No,No,No,No,No,No,No,No,No,No,Yes,No,No,No,No,No,Yes,No,No,No,Yes,No,No,Yes,Yes,No,No,Yes,No,No,No,Yes,No,No,Yes,No,No,No,Yes
PWFP029,Nguồn FSP Power Supply DAGGER Series SDA600 Active PFC (80 Plus  Gold/Full Modular/Micro ATX/Màu Đen),No,No,No,No,No,No,Yes,No,No,No,No,No,No,No,No,No,No,No,No,No,No,Yes,No,No,No,No,Yes,No,No,No,No,No,Yes,No,No,No,Yes,No,Yes,No,No,No,Yes,No,No,Yes,No,No,No,Yes,No,Yes,No,No
PWFP039,Nguồn FSP Power Supply HYDRO PTM Series HPT750M  Active PFC (92 Plus  Platinum/Full Modular /Micro ATX/Màu Đen),No,No,No,No,No,No,Yes,No,No,No,No,No,No,No,No,No,No,No,No,No,No,Yes,No,No,No,No,No,Yes,No,No,No,No,No,Yes,No,No,Yes,No,Yes,No,Yes,No,Yes,Yes,Yes,Yes,Yes,Yes,Yes,Yes,No,No,No,Yes
PWCM119,Nguồn Cooler Master MWE Bronze V2 750w (80 Plus  Bronze/Màu Đen),No,No,No,No,Yes,No,No,No,No,No,No,No,No,No,No,No,No,No,No,No,No,No,No,No,No,No,No,Yes,No,No,No,Yes,No,No,No,Yes,No,No,Yes,No,Yes,No,No,Yes,No,No,Yes,No,No,Yes,No,No,No,Yes
PWAE011,Nguồn Aero Cool Lux RGB 750W ( 80 Plus Bronze/Màu Đen/Led RGB) ,No,Yes,No,No,No,No,No,No,No,No,No,No,No,No,No,No,No,No,No,No,Yes,No,No,No,No,No,No,No,No,No,No,No,No,No,No,No,No,No,No,No,No,No,No,No,No,No,No,No,No,No,No,No,No,No
PWCM140,Nguồn máy tính Cooler Master MWE V2 230V 400 400W Plus Bronze  (80 Plus Bronze/Màu Đen)  ,No,No,No,No,Yes,No,No,No,No,No,No,No,No,No,No,No,No,No,No,No,No,No,No,No,No,Yes,No,No,No,No,No,Yes,No,No,No,Yes,No,No,Yes,Yes,No,No,Yes,No,No,No,Yes,No,No,Yes,No,No,No,Yes
PWCM127,Nguồn máy tính Cooler Master Elite V3 230V PC400 400W Box (Màu Đen),No,No,No,No,Yes,No,No,No,No,No,No,No,No,No,No,No,No,No,No,No,Yes,No,No,No,No,No,No,No,No,No,No,No,No,No,No,No,No,No,No,No,No,No,No,No,No,No,No,No,No,No,No,No,No,No
HATL858,FSP Power Supply AURUM PT Series PT-1000FM - Active PFC - 80 Plus Platinum - Full Modular (HÀNG THANH LÝ),No,No,No,No,No,No,Yes,No,No,No,No,No,No,No,No,No,No,No,No,No,No,Yes,No,No,No,No,No,No,Yes,No,No,No,No,Yes,No,No,Yes,No,Yes,No,Yes,Yes,No,No,No,No,No,No,Yes,No,Yes,No,No,Yes
PWFP057,Nguồn FSP  HYDRO PRO Series HP2-700  PPA7004304 (80 Plus Bronze/Màu Đen),No,No,No,No,No,No,Yes,No,No,No,No,No,No,No,No,No,No,No,No,No,No,No,No,No,No,No,No,Yes,No,No,No,Yes,No,No,No,Yes,No,No,Yes,No,Yes,No,No,Yes,No,No,Yes,No,No,Yes,No,No,No,Yes
PWSE064,Nguồn SeaSonic Focus Plus  FX-1000 1000W  (80 Plus Gold/Full Modular/Màu Đen),No,No,No,No,No,No,No,No,No,No,No,No,No,No,Yes,No,No,No,No,No,No,No,Yes,No,No,No,No,No,Yes,No,No,No,No,No,No,No,No,No,No,No,No,No,No,No,No,No,No,No,No,No,No,No,No,No
PWSS003,Nguồn SilverStone Essential Series/TUF Alliance SST ET650 G 650W (80 Plus  Gold/Màu Đen),No,No,No,No,No,No,No,No,No,No,No,No,No,No,No,Yes,No,No,No,No,No,Yes,No,No,No,No,No,Yes,No,No,No,No,Yes,No,No,No,No,No,No,No,No,No,No,No,No,No,No,No,No,No,No,No,No,No
PWFP047,Nguồn FSP HYDRO-GE Series Model HGE650 White  Active PFC (80 Plus  Gold/Full Modular/ATX/Màu Trắng ),No,No,No,No,No,No,Yes,No,No,No,No,No,No,No,No,No,No,No,No,No,No,Yes,No,No,No,No,No,Yes,No,No,No,No,Yes,No,No,No,No,No,Yes,No,No,No,No,Yes,No,Yes,No,Yes,No,No,No,No,No,No
PWCO089,Nguồn Corsair CX750F 750W RGB White (80 Plus Bronze/Màu Trắng/Led RGB/Full Modul),No,No,No,No,No,Yes,No,No,No,No,No,No,No,No,No,No,No,No,No,No,No,Yes,No,No,No,No,No,Yes,No,No,Yes,No,No,No,No,No,Yes,No,No,No,Yes,No,No,Yes,No,No,Yes,No,No,Yes,No,No,No,Yes
PWSE048,Nguồn Seasonic Prime 750GD 750W (80 Plus  Gold/Màu Đen),No,No,No,No,No,No,No,No,No,No,No,No,No,No,Yes,No,No,No,No,No,No,Yes,No,No,No,No,No,Yes,No,No,No,No,No,No,No,No,No,No,No,No,No,No,No,No,No,No,No,No,No,No,No,No,No,No
PWSS004,Nguồn SilverStone Essential Series/TUF Alliance SST ET750 G 750W (80 Plus  Gold/Màu Đen),No,No,No,No,No,No,No,No,No,No,No,No,No,No,No,Yes,No,No,No,No,No,Yes,No,No,No,No,No,Yes,No,No,No,No,Yes,No,No,No,No,No,No,No,No,No,No,No,No,No,No,No,No,No,No,No,No,No
PWCO090,Nguồn Corsair RM750x 750W (80 Plus Gold/ Màu Đen/Full Modul),No,No,No,No,No,Yes,No,No,No,No,No,No,No,No,No,No,No,No,No,No,No,Yes,No,No,No,No,No,Yes,No,No,No,No,Yes,No,No,No,Yes,No,No,No,Yes,No,No,Yes,No,No,No,Yes,No,No,Yes,No,No,Yes
PWFP014,"Nguồn FSP Power Supply HYDRO G Series Model HG850  Active PFC (80 Plus  Gold, Full Modular/Màu Đen",No,No,No,No,No,No,Yes,No,No,No,No,No,No,No,No,No,No,No,No,No,No,Yes,No,No,No,No,No,No,Yes,No,No,No,Yes,No,No,No,No,No,No,No,No,No,No,No,No,No,No,No,No,No,No,No,No,No
PWSE049,Nguồn Seasonic  Prime 850GD 850W  (80 Plus  Gold/Màu Đen),No,No,No,No,No,No,No,No,No,No,No,No,No,No,Yes,No,No,No,No,No,No,No,Yes,No,No,No,No,No,Yes,No,No,No,No,No,No,No,No,No,No,No,No,No,No,No,No,No,No,No,No,No,No,No,No,No
PWCO091,Nguồn Corsair RM850x 850W (80 Plus Gold/ Màu Đen/Full Modul),No,No,No,No,No,Yes,No,No,No,No,No,No,No,No,No,No,No,No,No,No,No,Yes,No,No,No,No,No,No,Yes,No,No,No,Yes,No,No,No,Yes,No,No,No,Yes,No,No,No,Yes,No,No,Yes,No,No,Yes,No,No,Yes
PWCM126,Nguồn máy tính Cooler Master Elite V3 230V PC400 400W Bulk (Màu Bạc),No,No,No,No,Yes,No,No,No,No,No,No,No,No,No,No,No,No,No,No,No,No,No,No,No,No,Yes,No,No,No,No,No,No,No,No,No,No,No,No,No,No,No,No,No,No,No,Yes,No,No,No,No,No,No,No,No
PWSF013,Nguồn Super Flower Leadex Titanium SF-1600F14HT 1600W (Màu Đen),No,No,No,No,No,No,No,No,No,No,No,No,No,No,No,No,Yes,No,No,No,No,No,No,Yes,No,No,No,No,No,Yes,No,No,No,No,No,No,No,No,No,No,No,No,No,No,No,No,No,No,No,No,No,No,No,No
PWCO092,Nguồn Corsair RM750x 750W (80 Plus Gold/ Màu Trắng/Full Modul),No,No,No,No,No,Yes,No,No,No,No,No,No,No,No,No,No,No,No,No,No,No,Yes,No,No,No,No,No,Yes,No,No,No,No,Yes,No,No,No,Yes,No,No,No,Yes,No,No,Yes,No,No,No,Yes,No,No,Yes,No,No,Yes
PWAS005,Nguồn  ASUS ROG STRIX 1000W GOLD - 1000W ( Màu Đen/80 Plus Gold / Full Modular),No,No,Yes,No,No,No,No,No,No,No,No,No,No,No,No,No,No,No,No,No,No,No,Yes,No,No,No,No,No,Yes,No,No,No,Yes,No,No,No,Yes,No,No,No,Yes,No,No,No,Yes,No,Yes,No,No,No,Yes,No,No,Yes
PWSF018,Nguồn Super Flower Leadex Platinum SF-1600F14HP 1600W (Màu Đen),No,No,No,No,No,No,No,No,No,No,No,No,No,No,No,No,Yes,No,No,No,No,No,No,Yes,No,No,No,No,No,Yes,No,No,No,Yes,No,No,No,No,No,No,No,Yes,No,No,No,No,No,No,Yes,No,No,No,No,Yes
PWCO093,Nguồn Corsair RM850x 850W (80 Plus Gold/ Màu Trắng/Full Modul),No,No,No,No,No,Yes,No,No,No,No,No,No,No,No,No,No,No,No,No,No,No,Yes,No,No,No,No,No,No,Yes,No,No,No,Yes,No,No,No,Yes,No,No,No,Yes,No,No,No,Yes,No,No,Yes,No,No,Yes,No,No,Yes
PWAS006,Nguồn  ASUS ROG STRIX 850W GOLD - White Edition  850W ( Màu Trắng/80 Plus Gold / Full Modular),No,No,Yes,No,No,No,No,No,No,No,No,No,No,No,No,No,No,No,No,No,No,No,Yes,No,No,No,No,No,No,No,No,No,No,No,No,No,No,No,No,No,No,No,No,No,No,No,No,No,No,No,No,No,No,No
PWCO058,Nguồn Corsair RM Series RM1000x 1000W  (80 Plus  Gold Modular/Màu Đen),No,No,No,No,No,No,No,No,No,No,No,No,No,No,No,No,No,No,No,No,No,No,Yes,No,No,No,No,No,No,Yes,No,No,No,No,No,No,No,No,No,No,No,No,No,No,No,No,No,No,No,No,No,No,No,No
PWSF019,Nguồn Super Flower Leadex Platinum SF-2000F14HP 2000W (Màu Đen),No,No,No,No,No,No,No,No,No,No,No,No,No,No,No,No,Yes,No,No,No,No,No,No,Yes,No,No,No,No,No,Yes,No,No,No,Yes,No,No,No,No,No,No,No,Yes,No,No,No,No,No,No,No,No,No,No,No,No
PWCO094,Nguồn Corsair HX850 850W (80 Platinum/Màu Đen/Full Modul),No,No,No,No,No,Yes,No,No,No,No,No,No,No,No,No,No,No,No,No,No,No,No,Yes,No,No,No,No,No,Yes,No,No,No,No,Yes,No,No,Yes,No,No,No,Yes,No,No,No,Yes,No,No,No,Yes,No,Yes,No,No,Yes
PWAS007,Nguồn  ASUS TUF GAMING 550W Bronze  ( Màu Đen/80 Plus Bronze ),No,No,Yes,No,No,No,No,No,No,No,No,No,No,No,No,No,No,No,No,No,No,No,No,No,No,No,No,No,No,No,No,No,No,No,No,No,No,No,No,No,No,No,No,No,No,No,No,No,No,No,No,No,No,No
