Code,Name,ban-phim-co,ban-phim-choi-game-thuong,ban-phim-gia-re,1stplayer,a4tech,ajazz,akko,aoc,asus,bjx,coolermaster,corsair,dareu,dell,delux,ducky,durgod,eblue,edra,filco,fuhlen,geezer,genius,gigabyte,gskill,hangkhac,ikbc,irocks,jupistar,keychron,kingston,lanjun,leopold,logitech,madcatz,microsoft,mionix,mistel,mofii,motospeed,msi,newmen,ozone,razer,realforce,roccat,seagate,steelseries,tesoro,tex,varmilo,vortex,zidli,duoi-500ngan,500ngan-1trieu,1trieu-2trieu,2trieu-4trieu,tren-4trieu,rgb-led,don-led,khong-co-1-1-1-1-1,co-day-1-1-1,wireless,bluetooth,blue-switch,red-switch,brown-switch,switch-khac,full-size-1,tenkeyless-tkl,mini-1-1,phim-so,den-1,trang-1-1,khac-1-1-1,abs,pbt,khac-1-1-1-1,ban-phim-may-tinh,ban-phim-may-tinh,ban-phim-may-tinh,cherry-mx-switch,razer-switch,loai-switch-khac,thiet-ke-fullsize-104-phim,thiet-ke-tenkeyless-87-phim,thiet-ke-mini-60-phim
KBAS026,Bàn phím chơi game Asus TUF K5 (USB/RGB/Đen) ,No,Yes,No,No,No,No,No,No,Yes,No,No,No,No,No,No,No,No,No,No,No,No,No,No,No,No,No,No,No,No,No,No,No,No,No,No,No,No,No,No,No,No,No,No,No,No,No,No,No,No,No,No,No,No,No,Yes,No,No,No,Yes,No,No,Yes,No,No,No,No,No,No,No,No,No,No,Yes,No,No,No,No,No,Yes,Yes,Yes,No,No,No,No,No,No
KBAS013,Bàn phím cơ Asus ROG Claymore Core RGB Aura Sync Cherry Blue switch,No,No,No,No,No,No,No,No,Yes,No,No,No,No,No,No,No,No,No,No,No,No,No,No,No,No,No,No,No,No,No,No,No,No,No,No,No,No,No,No,No,No,No,No,No,No,No,No,No,No,No,No,No,No,No,No,No,Yes,No,Yes,No,No,Yes,No,No,Yes,No,No,No,No,Yes,No,No,Yes,No,No,No,No,No,Yes,Yes,Yes,No,No,No,No,No,No
KBAS014,Bàn phím cơ Asus US ROG Claymore Core RGB Aura Sync Cherry Red switch,No,No,No,No,No,No,No,No,Yes,No,No,No,No,No,No,No,No,No,No,No,No,No,No,No,No,No,No,No,No,No,No,No,No,No,No,No,No,No,No,No,No,No,No,No,No,No,No,No,No,No,No,No,No,No,No,No,Yes,No,Yes,No,No,Yes,No,No,No,Yes,No,No,No,Yes,No,No,Yes,No,No,No,No,No,Yes,Yes,Yes,No,No,No,No,No,No
KBAS022,Bàn phím Asus ROG Strix Scope RGB Red switch,Yes,No,No,No,No,No,No,No,Yes,No,No,No,No,No,No,No,No,No,No,No,No,No,No,No,No,No,No,No,No,No,No,No,No,No,No,No,No,No,No,No,No,No,No,No,No,No,No,No,No,No,No,No,No,No,No,No,Yes,No,Yes,No,No,Yes,No,No,No,Yes,No,No,Yes,No,No,No,Yes,No,No,Yes,No,No,Yes,Yes,Yes,No,No,No,No,No,No
KBFC073,Bàn phím cơ Filco Majestouch Convertible 2 Blue switch 104 Black - FKBC104MC/EB2,No,No,No,No,No,No,No,No,No,No,No,No,No,No,No,No,No,No,No,Yes,No,No,No,No,No,No,No,No,No,No,No,No,No,No,No,No,No,No,No,No,No,No,No,No,No,No,No,No,No,No,No,No,No,No,No,No,Yes,No,No,No,Yes,Yes,No,Yes,Yes,No,No,No,Yes,No,No,No,Yes,No,No,No,No,No,No,No,Yes,Yes,No,No,Yes,No,No
KBLO070,Bàn phím Logitech K270 Wireless Black,No,No,Yes,No,No,No,No,No,No,No,No,No,No,No,No,No,No,No,No,No,No,No,No,No,No,No,No,No,No,No,No,No,No,Yes,No,No,No,No,No,No,No,No,No,No,No,No,No,No,No,No,No,No,No,Yes,No,No,No,No,No,No,Yes,No,Yes,No,No,No,No,No,Yes,No,No,No,Yes,No,No,No,No,No,No,No,Yes,No,No,No,No,No,No
KBLP060,Bàn phím cơ Leopold FC750R PD TKL PBT Doubleshot Red switch Black ,Yes,No,No,No,No,No,No,No,No,No,No,No,No,No,No,No,No,No,No,No,No,No,No,No,No,No,No,No,No,No,No,No,Yes,No,No,No,No,No,No,No,No,No,No,No,No,No,No,No,No,No,No,No,No,No,No,No,Yes,No,No,No,Yes,Yes,No,No,No,Yes,No,No,No,Yes,No,No,Yes,No,No,No,Yes,No,No,No,Yes,Yes,No,No,No,Yes,No
KBCS049,Bàn phím cơ Corsair K70 RGB MK2 SE Mechanical Cherry MX Speed,No,No,No,No,No,No,No,No,No,No,No,Yes,No,No,No,No,No,No,No,No,No,No,No,No,No,No,No,No,No,No,No,No,No,No,No,No,No,No,No,No,No,No,No,No,No,No,No,No,No,No,No,No,No,No,No,No,Yes,No,Yes,No,No,Yes,No,No,No,No,No,Yes,Yes,No,No,No,No,No,Yes,No,Yes,No,No,No,Yes,Yes,No,No,Yes,No,No
KBDG001,Bàn phím cơ Durgod Taurus K310 Space Gray Mechanical Cherry Brown Switch US,Yes,No,No,No,No,No,No,No,No,No,No,No,No,No,No,No,Yes,No,No,No,No,No,No,No,No,No,No,No,No,No,No,No,No,No,No,No,No,No,No,No,No,No,No,No,No,No,No,No,No,No,No,No,No,No,No,No,Yes,No,No,No,Yes,Yes,No,No,No,No,Yes,No,Yes,No,No,No,No,No,Yes,No,Yes,No,No,No,Yes,Yes,No,No,Yes,No,No
KBDA025,Bàn phím cơ Dareu EK1280 RGB Mechanical Brown D Switch Black,No,No,No,No,No,No,No,No,No,No,No,No,Yes,No,No,No,No,No,No,No,No,No,No,No,No,No,No,No,No,No,No,No,No,No,No,No,No,No,No,No,No,No,No,No,No,No,No,No,No,No,No,No,No,No,No,Yes,No,No,Yes,No,No,Yes,No,No,No,No,Yes,No,Yes,No,No,No,Yes,No,No,No,No,No,No,No,Yes,No,No,No,No,No,No
KBED013,Bàn phím cơ E-Dra EK387 Mechanical Gaming Outemu Brown switch led RGB,No,No,No,No,No,No,No,No,No,No,No,No,No,No,No,No,No,No,Yes,No,No,No,No,No,No,No,No,No,No,No,No,No,No,No,No,No,No,No,No,No,No,No,No,No,No,No,No,No,No,No,No,No,No,No,Yes,No,No,No,Yes,No,No,Yes,No,No,Yes,No,No,No,No,Yes,No,No,Yes,No,No,Yes,No,No,No,No,Yes,No,No,No,No,No,No
KBAK085,Bàn phím AKKO ACG84 Dragon Ball Super Goku - Akko switch blue,No,No,No,No,No,No,Yes,No,No,No,No,No,No,No,No,No,No,No,No,No,No,No,No,No,No,No,No,No,No,No,No,No,No,No,No,No,No,No,No,No,No,No,No,No,No,No,No,No,No,No,No,No,No,No,No,Yes,No,No,No,No,Yes,Yes,No,No,Yes,No,No,Yes,No,Yes,No,No,No,No,No,No,Yes,No,No,Yes,Yes,No,No,Yes,No,Yes,No
KBLO078,Bàn phím cơ Logitech G813 Lightsync RGB Mechanical Romer G Linear Gaming Keyboard Black,Yes,No,No,No,No,No,No,No,No,No,No,No,No,No,No,No,No,No,No,No,No,No,No,No,No,No,No,No,No,No,No,No,No,Yes,No,No,No,No,No,No,No,No,No,No,No,No,No,No,No,No,No,No,No,No,No,No,Yes,No,Yes,No,No,Yes,No,No,No,No,No,Yes,Yes,No,No,No,Yes,No,No,No,No,No,No,No,No,No,No,No,No,No,No
KBCM054,Bàn phím cơ chơi game Cooler Master SK630 Black (USB/Cherry Low Profile Red/RGB/Đen),Yes,No,No,No,No,No,No,No,No,No,Yes,No,No,No,No,No,No,No,No,No,No,No,No,No,No,No,No,No,No,No,No,No,No,No,No,No,No,No,No,No,No,No,No,No,No,No,No,No,No,No,No,No,No,No,No,No,Yes,No,Yes,No,No,Yes,No,No,No,Yes,No,No,No,Yes,No,No,Yes,No,No,Yes,No,No,No,Yes,Yes,No,No,No,No,No,No
KBRF005,Bàn phím cơ Realforce R2 Silent - Mechanical Topre 55gram switch TKL White R2TLS-US5-IV,No,No,No,No,No,No,No,No,No,No,No,No,No,No,No,No,No,No,No,No,No,No,No,No,No,No,No,No,No,No,No,No,No,No,No,No,No,No,No,No,No,No,No,No,Yes,No,No,No,No,No,No,No,No,No,No,No,No,Yes,No,No,Yes,Yes,No,No,No,No,No,Yes,No,Yes,No,No,No,Yes,No,No,Yes,No,No,Yes,Yes,No,No,No,No,No,No
KBDK180,Bàn phím cơ Ducky One 2 RGB Cherry Brown switch,Yes,No,No,No,No,No,No,No,No,No,No,No,No,No,No,Yes,No,No,No,No,No,No,No,No,No,No,No,No,No,No,No,No,No,No,No,No,No,No,No,No,No,No,No,No,No,No,No,No,No,No,No,No,No,No,No,No,Yes,No,Yes,No,No,Yes,No,No,No,No,Yes,No,Yes,No,No,No,Yes,No,No,No,Yes,No,No,Yes,Yes,No,No,No,No,No,No
KBED020,Bàn phím cơ E-Dra EK300 Optical Switch Led USB,Yes,No,No,No,No,No,No,No,No,No,No,No,No,No,No,No,No,No,Yes,No,No,No,No,No,No,No,No,No,No,No,No,No,No,No,No,No,No,No,No,No,No,No,No,No,No,No,No,No,No,No,No,No,No,No,Yes,No,No,No,Yes,No,No,Yes,No,No,No,No,No,Yes,Yes,No,No,No,Yes,No,No,No,No,No,No,Yes,Yes,No,No,No,No,No,No
KBDA040,Bàn Phím cơ Dareu EK880 (Red Switch/màu đen),Yes,No,No,No,No,No,No,No,No,No,No,No,Yes,No,No,No,No,No,No,No,No,No,No,No,No,No,No,No,No,No,No,No,No,No,No,No,No,No,No,No,No,No,No,No,No,No,No,No,No,No,No,No,No,No,Yes,No,No,No,Yes,No,No,Yes,No,No,No,Yes,No,No,No,Yes,No,No,Yes,No,No,Yes,No,No,No,Yes,Yes,No,No,No,No,No,No
KBAK014,Bàn phím cơ AKKO 3108S RGB PRO Black Cherry MX Blue Switch ,Yes,No,No,No,No,No,Yes,No,No,No,No,No,No,No,No,No,No,No,No,No,No,No,No,No,No,No,No,No,No,No,No,No,No,No,No,No,No,No,No,No,No,No,No,No,No,No,No,No,No,No,No,No,No,No,No,No,Yes,No,Yes,No,No,Yes,No,No,Yes,No,No,No,Yes,No,No,No,Yes,No,No,No,Yes,No,No,Yes,Yes,No,No,No,No,No,No
KBAK035,Bàn phím cơ Akko 3108 V2 Dragon Ball Z Vegeta (Akko Pink switch),Yes,No,No,No,No,No,Yes,No,No,No,No,No,No,No,No,No,No,No,No,No,No,No,No,No,No,No,No,No,No,No,No,No,No,No,No,No,No,No,No,No,No,No,No,No,No,No,No,No,No,No,No,No,No,No,No,Yes,No,No,No,No,Yes,Yes,No,No,No,No,No,Yes,Yes,No,No,No,No,No,Yes,No,Yes,No,No,Yes,Yes,No,No,No,No,No,No
KBAK091,Bàn phím AKKO 3087 Dragon Ball Z Goku (Akko Switch Blue),Yes,No,No,No,No,No,Yes,No,No,No,No,No,No,No,No,No,No,No,No,No,No,No,No,No,No,No,No,No,No,No,No,No,No,No,No,No,No,No,No,No,No,No,No,No,No,No,No,No,No,No,No,No,No,No,No,Yes,No,No,No,No,Yes,No,No,No,Yes,No,No,Yes,No,Yes,No,No,No,No,Yes,No,Yes,No,No,Yes,Yes,No,No,No,No,No,No
KBAK099,Bàn phím AKKO 3084 DS Midnight (USB/Akko Switch Pink),Yes,No,No,No,No,No,Yes,No,No,No,No,No,No,No,No,No,No,No,No,No,No,No,No,No,No,No,No,No,No,No,No,No,No,No,No,No,No,No,No,No,No,No,No,No,No,No,No,No,No,No,No,No,No,No,Yes,No,No,No,No,No,Yes,No,No,No,No,Yes,No,Yes,No,Yes,No,No,Yes,No,No,No,Yes,No,No,Yes,Yes,No,No,No,No,No,No
KBKE021,Bàn phím cơ Keychron K6 W2 (Gateron Blue switch/nhôm/RGB/Hotswap),Yes,No,No,No,No,No,No,No,No,No,No,No,No,No,No,No,No,No,No,No,No,No,No,No,No,No,No,No,No,Yes,No,No,No,No,No,No,No,No,No,No,No,No,No,No,No,No,No,No,No,No,No,No,No,No,No,No,Yes,No,Yes,No,No,No,No,Yes,No,No,No,Yes,No,No,Yes,No,Yes,No,No,Yes,No,No,No,Yes,Yes,No,No,No,No,No,No
KBAK122,Bàn phím cơ AKKO 3108 Honkai Impact 3rd-Seele Vollerei (USB/AKKO Orange switch),Yes,No,No,No,No,No,Yes,No,No,No,No,No,No,No,No,No,No,No,No,No,No,No,No,No,No,No,No,No,No,No,No,No,No,No,No,No,No,No,No,No,No,No,No,No,No,No,No,No,No,No,No,No,No,No,No,Yes,No,No,No,No,Yes,No,No,No,No,No,Yes,Yes,Yes,No,No,No,No,Yes,No,No,Yes,No,No,Yes,Yes,No,No,No,No,No,No
KBDA059,Bàn Phím cơ Dareu EK87 Pink White (USB/Multi LED/Blue switch),Yes,No,No,No,No,No,No,No,No,No,No,No,Yes,No,No,No,No,No,No,No,No,No,No,No,No,No,No,No,No,No,No,No,No,No,No,No,No,No,No,No,No,No,No,No,No,No,No,No,No,No,No,No,No,No,Yes,No,No,No,No,Yes,No,No,No,No,Yes,No,No,Yes,No,Yes,No,No,No,No,Yes,Yes,No,No,No,Yes,Yes,No,No,No,No,No,No
KBAK128,Bàn phím Akko 3108 v2 Honkai Impact 3rd - Yae Sakura (Akko Orange sw),Yes,No,No,No,No,No,Yes,No,No,No,No,No,No,No,No,No,No,No,No,No,No,No,No,No,No,No,No,No,No,No,No,No,No,No,No,No,No,No,No,No,No,No,No,No,No,No,No,No,No,No,No,No,No,No,No,No,No,No,No,No,Yes,No,No,No,No,No,Yes,Yes,Yes,No,No,No,Yes,No,Yes,No,Yes,No,No,Yes,Yes,No,No,No,No,No,No
KBFC074,Bàn phím cơ Filco Majestouch Convertible 2 Brown switch 104 Black - FKBC104M/EB2,Yes,No,No,No,No,No,No,No,No,No,No,No,No,No,No,No,No,No,No,Yes,No,No,No,No,No,No,No,No,No,No,No,No,No,No,No,No,No,No,No,No,No,No,No,No,No,No,No,No,No,No,No,No,No,No,No,No,No,Yes,No,No,Yes,Yes,No,Yes,No,No,Yes,No,Yes,No,No,No,Yes,No,No,No,No,No,No,Yes,Yes,Yes,No,No,Yes,No,No
KBFC178,Bàn phím cơ Filco Majestouch Minila Air Matcha red switch  (FFBT67MRL/ECW),Yes,No,No,No,No,No,No,No,No,No,No,No,No,No,No,No,No,No,No,Yes,No,No,No,No,No,No,No,No,No,No,No,No,No,No,No,No,No,No,No,No,No,No,No,No,No,No,No,No,No,No,No,No,No,No,No,No,Yes,No,No,No,Yes,No,No,Yes,No,Yes,No,No,No,No,Yes,No,No,No,Yes,Yes,No,No,No,Yes,Yes,Yes,No,No,No,No,Yes
KBDG062,Bàn phím cơ Durgod V87S RGB Mechanical Cherry Blue Switch Black,Yes,No,No,No,No,No,No,No,No,No,No,No,No,No,No,No,Yes,No,No,No,No,No,No,No,No,No,No,No,No,No,No,No,No,No,No,No,No,No,No,No,No,No,No,No,No,No,No,No,No,No,No,No,No,No,No,No,Yes,No,Yes,No,No,Yes,No,No,Yes,No,No,No,No,Yes,No,No,Yes,No,No,No,Yes,No,No,Yes,Yes,Yes,No,No,No,Yes,No
KBDA026,Bàn phím cơ Dareu EK1280 RGB Mechanical Red D Switch Black,No,No,No,No,No,No,No,No,No,No,No,No,Yes,No,No,No,No,No,No,No,No,No,No,No,No,No,No,No,No,No,No,No,No,No,No,No,No,No,No,No,No,No,No,No,No,No,No,No,No,No,No,No,No,No,No,Yes,No,No,Yes,No,No,Yes,No,No,No,Yes,No,No,Yes,No,No,No,Yes,No,No,No,No,No,No,Yes,Yes,No,No,No,No,No,No
KBED014,Bàn phím cơ E-Dra EK387 Mechanical Gaming Outemu Red switch led RGB,Yes,No,No,No,No,No,No,No,No,No,No,No,No,No,No,No,No,No,Yes,No,No,No,No,No,No,No,No,No,No,No,No,No,No,No,No,No,No,No,No,No,No,No,No,No,No,No,No,No,No,No,No,No,No,No,Yes,No,No,No,Yes,No,No,Yes,No,No,No,Yes,No,No,No,Yes,No,No,Yes,No,No,Yes,No,No,No,Yes,Yes,No,No,No,No,No,No
KBVM040,Bàn phím cơ Varmilo Numpad VA21M Sea Melody - Mechanical Cherry Red Switch,No,No,No,No,No,No,No,No,No,No,No,No,No,No,No,No,No,No,No,No,No,No,No,No,No,No,No,No,No,No,No,No,No,No,No,No,No,No,No,No,No,No,No,No,No,No,No,No,No,No,Yes,No,No,No,No,Yes,No,No,No,No,Yes,Yes,No,No,No,Yes,No,No,No,No,No,Yes,No,No,Yes,No,Yes,No,No,Yes,Yes,No,No,No,No,No,No
KBAT002,Bàn phím game bán cơ A4tech B3370R,No,Yes,No,No,Yes,No,No,No,No,No,No,No,No,No,No,No,No,No,No,No,No,No,No,No,No,No,No,No,No,No,No,No,No,No,No,No,No,No,No,No,No,No,No,No,No,No,No,No,No,No,No,No,No,No,No,No,No,No,Yes,No,No,Yes,No,No,No,No,No,No,Yes,No,No,No,Yes,No,No,No,No,No,No,Yes,Yes,No,No,No,No,No,No
KBLO077,Bàn phím cơ Logitech G813 Lightsync RGB Mechanical Romer G Tactile Gaming Keyboard Black,Yes,No,No,No,No,No,No,No,No,No,No,No,No,No,No,No,No,No,No,No,No,No,No,No,No,No,No,No,No,No,No,No,No,Yes,No,No,No,No,No,No,No,No,No,No,No,No,No,No,No,No,No,No,No,No,No,No,Yes,No,Yes,No,No,Yes,No,No,No,No,No,Yes,Yes,No,No,No,Yes,No,No,No,No,No,No,No,No,No,No,No,No,No,No
KBLP168,Bàn phím cơ Leopold FC660MPD White Dark Grey Cherry Blue Switch,Yes,No,No,No,No,No,No,No,No,No,No,No,No,No,No,No,No,No,No,No,No,No,No,No,No,No,No,No,No,No,No,No,Yes,No,No,No,No,No,No,No,No,No,No,No,No,No,No,No,No,No,No,No,No,No,No,No,No,No,No,No,Yes,Yes,No,No,Yes,No,No,No,No,No,Yes,No,No,Yes,No,No,Yes,No,No,Yes,No,No,No,No,No,No,No
KBDK182,Bàn phím cơ Ducky One 2 RGB Cherry Red switch,Yes,No,No,No,No,No,No,No,No,No,No,No,No,No,No,Yes,No,No,No,No,No,No,No,No,No,No,No,No,No,No,No,No,No,No,No,No,No,No,No,No,No,No,No,No,No,No,No,No,No,No,No,No,No,No,No,No,Yes,No,Yes,No,No,Yes,No,No,No,Yes,No,No,Yes,No,No,No,Yes,No,No,No,Yes,No,No,Yes,No,No,No,No,No,No,No
KBLP147,Bàn phím cơ Leopold FC980M PD Dark Gray / Yellow Font PBT Doubleshot Cherry Red switch ,Yes,No,No,No,No,No,No,No,No,No,No,No,No,No,No,No,No,No,No,No,No,No,No,No,No,No,No,No,No,No,No,No,Yes,No,No,No,No,No,No,No,No,No,No,No,No,No,No,No,No,No,No,No,No,No,No,No,No,No,No,No,Yes,Yes,No,No,No,Yes,No,No,Yes,No,No,No,No,No,Yes,No,Yes,No,No,Yes,No,No,No,No,No,No,No
KBSS033,Bàn phím cơ Steelseries Apex 7 TKL RGB Mechanical Red Switch US (64646),Yes,No,No,No,No,No,No,No,No,No,No,No,No,No,No,No,No,No,No,No,No,No,No,No,No,No,No,No,No,No,No,No,No,No,No,No,No,No,No,No,No,No,No,No,No,No,No,Yes,No,No,No,No,No,No,No,No,No,No,Yes,No,No,Yes,No,No,No,Yes,No,No,No,Yes,No,No,Yes,No,No,No,No,No,No,Yes,No,No,No,No,No,No,No
KBLP151,Bàn phím cơ Leopold FC660M PD Swedish White Case PBT Doubleshot Cherry Blue Switch,Yes,No,No,No,No,No,No,No,No,No,No,No,No,No,No,No,No,No,No,No,No,No,No,No,No,No,No,No,No,No,No,No,Yes,No,No,No,No,No,No,No,No,No,No,No,No,No,No,No,No,No,No,No,No,No,No,No,Yes,No,No,No,Yes,Yes,No,No,Yes,No,No,No,No,No,Yes,No,No,Yes,No,No,Yes,No,No,Yes,No,No,No,No,No,No,No
KBDA039,Bàn Phím cơ Dareu EK880 (Brown Switch/màu đen),No,No,No,No,No,No,No,No,No,No,No,No,Yes,No,No,No,No,No,No,No,No,No,No,No,No,No,No,No,No,No,No,No,No,No,No,No,No,No,No,No,No,No,No,No,No,No,No,No,No,No,No,No,No,No,Yes,No,No,No,Yes,No,No,Yes,No,No,No,No,Yes,No,No,Yes,No,No,Yes,No,No,Yes,No,No,No,Yes,No,No,No,No,No,No,No
KBAK015,Bàn phím cơ AKKO 3108S RGB PRO Black Cherry MX Brown Switch ,Yes,No,No,No,No,No,Yes,No,No,No,No,No,No,No,No,No,No,No,No,No,No,No,No,No,No,No,No,No,No,No,No,No,No,No,No,No,No,No,No,No,No,No,No,No,No,No,No,No,No,No,No,No,No,No,No,No,Yes,No,Yes,No,No,Yes,No,No,No,No,Yes,No,Yes,No,No,No,Yes,No,No,No,Yes,No,No,Yes,No,No,No,No,No,No,No
KBKE001,Bàn phím cơ Keychron K2 Gateron Red switch A1,Yes,No,No,No,No,No,No,No,No,No,No,No,No,No,No,No,No,No,No,No,No,No,No,No,No,No,No,No,No,Yes,No,No,No,No,No,No,No,No,No,No,No,No,No,No,No,No,No,No,No,No,No,No,No,No,No,Yes,No,No,No,Yes,No,Yes,No,Yes,No,Yes,No,No,No,Yes,No,No,Yes,No,No,Yes,No,No,No,Yes,No,No,No,No,No,No,No
KBKE013,Bàn phím cơ Keychron K4 D1 (USB/Gateron Red sw/Led trắng),Yes,No,No,No,No,No,No,No,No,No,No,No,No,No,No,No,No,No,No,No,No,No,No,No,No,No,No,No,No,Yes,No,No,No,No,No,No,No,No,No,No,No,No,No,No,No,No,No,No,No,No,No,No,No,No,No,Yes,No,No,No,No,No,No,No,No,No,No,No,No,No,No,No,No,No,No,No,No,No,No,No,Yes,No,No,No,No,No,No,No
KBAK100,Bàn phím AKKO 3087 DS Midnight (USB/Akko Switch Blue),Yes,No,No,No,No,No,Yes,No,No,No,No,No,No,No,No,No,No,No,No,No,No,No,No,No,No,No,No,No,No,No,No,No,No,No,No,No,No,No,No,No,No,No,No,No,No,No,No,No,No,No,No,No,No,No,Yes,No,No,No,No,No,Yes,No,No,No,Yes,No,No,Yes,No,Yes,No,No,Yes,No,No,No,Yes,No,No,Yes,No,No,No,No,No,No,No
KBKE022,Bàn phím cơ Keychron K6 W3 (Gateron Brown switch/nhôm/RGB/Hotswap),Yes,No,No,No,No,No,No,No,No,No,No,No,No,No,No,No,No,No,No,No,No,No,No,No,No,No,No,No,No,Yes,No,No,No,No,No,No,No,No,No,No,No,No,No,No,No,No,No,No,No,No,No,No,No,No,No,No,Yes,No,Yes,No,No,No,No,Yes,No,No,No,Yes,No,No,Yes,No,Yes,No,No,Yes,No,No,No,Yes,No,No,No,No,No,No,No
KBAK123,Bàn phím cơ AKKO 3108 Honkai Impact 3rd-Seele Vollerei (USB/AKKO Pink switch),Yes,No,No,No,No,No,Yes,No,No,No,No,No,No,No,No,No,No,No,No,No,No,No,No,No,No,No,No,No,No,No,No,No,No,No,No,No,No,No,No,No,No,No,No,No,No,No,No,No,No,No,No,No,No,No,No,Yes,No,No,No,No,Yes,No,No,No,No,Yes,No,Yes,Yes,No,No,No,No,Yes,No,No,Yes,No,No,Yes,No,No,No,No,No,No,No
KBLO063,Bàn phím cơ Logitech G610 Orion Blue (USB/Led trắng/Cherry Blue switch),Yes,No,No,No,No,No,No,No,No,No,No,No,No,No,No,No,No,No,No,No,No,No,No,No,No,No,No,No,No,No,No,No,No,Yes,No,No,No,No,No,No,No,No,No,No,No,No,No,No,No,No,No,No,No,No,No,Yes,No,No,No,Yes,No,No,No,No,Yes,No,No,No,Yes,No,No,No,Yes,No,No,No,No,No,No,Yes,No,No,No,No,No,No,No
KBAK129,Bàn phím Akko 3108 v2 Honkai Impact 3rd - Yae Sakura (Akko Pink sw),Yes,No,No,No,No,No,Yes,No,No,No,No,No,No,No,No,No,No,No,No,No,No,No,No,No,No,No,No,No,No,No,No,No,No,No,No,No,No,No,No,No,No,No,No,No,No,No,No,No,No,No,No,No,No,No,No,No,No,No,No,No,Yes,No,No,No,No,Yes,No,Yes,Yes,No,No,No,Yes,No,Yes,No,Yes,No,No,Yes,No,No,No,No,No,No,No
KBLO038,Bàn phím Logitech K120,No,No,Yes,No,No,No,No,No,No,No,No,No,No,No,No,No,No,No,No,No,No,No,No,No,No,No,No,No,No,No,No,No,No,Yes,No,No,No,No,No,No,No,No,No,No,No,No,No,No,No,No,No,No,No,Yes,No,No,No,No,No,No,Yes,Yes,No,No,No,No,No,No,Yes,No,No,No,Yes,No,No,No,No,No,No,Yes,Yes,No,No,No,No,No,No
KBFC075,Bàn phím cơ Filco Majestouch Convertible 2 Red switch 104 Black - FKBC104MRL/EB2,Yes,No,No,No,No,No,No,No,No,No,No,No,No,No,No,No,No,No,No,Yes,No,No,No,No,No,No,No,No,No,No,No,No,No,No,No,No,No,No,No,No,No,No,No,No,No,No,No,No,No,No,No,No,No,No,No,No,No,Yes,No,No,Yes,Yes,No,Yes,No,Yes,No,No,Yes,No,No,No,Yes,No,No,No,No,No,No,Yes,Yes,Yes,No,No,Yes,No,No
KBFC123,Bàn phím cơ Filco Majestouch Convertible 2 Black switch 87 Black - FKBC87ML/EB2,Yes,No,No,No,No,No,No,No,No,No,No,No,No,No,No,No,No,No,No,Yes,No,No,No,No,No,No,No,No,No,No,No,No,No,No,No,No,No,No,No,No,No,No,No,No,No,No,No,No,No,No,No,No,No,No,No,No,No,No,No,No,Yes,Yes,No,No,No,No,No,Yes,No,Yes,No,No,Yes,No,No,No,No,No,No,Yes,Yes,Yes,No,No,No,Yes,No
KBLO074,Bàn phím cơ Logitech G613 Wireless Mechanical Gaming,No,No,No,No,No,No,No,No,No,No,No,No,No,No,No,No,No,No,No,No,No,No,No,No,No,No,No,No,No,No,No,No,No,Yes,No,No,No,No,No,No,No,No,No,No,No,No,No,No,No,No,No,No,No,No,No,Yes,No,No,No,No,Yes,No,Yes,No,No,No,No,Yes,Yes,No,No,No,Yes,No,No,No,No,No,No,Yes,Yes,No,No,Yes,Yes,No,No
KBDG003,Bàn phím cơ Durgod Taurus K310 Space Gray Mechanical Cherry Blue Switch US,No,No,No,No,No,No,No,No,No,No,No,No,No,No,No,No,Yes,No,No,No,No,No,No,No,No,No,No,No,No,No,No,No,No,No,No,No,No,No,No,No,No,No,No,No,No,No,No,No,No,No,No,No,No,No,No,Yes,No,No,No,No,Yes,Yes,No,No,Yes,No,No,No,Yes,No,No,No,No,No,Yes,No,Yes,No,No,Yes,Yes,Yes,No,No,Yes,No,No
KBRZ073,Bàn phím cơ Razer Blackwidow Lite Silent (RZ03-02640100-R3M1) (USB/TKL/Orange Switch) ,Yes,No,No,No,No,No,No,No,No,No,No,No,No,No,No,No,No,No,No,No,No,No,No,No,No,No,No,No,No,No,No,No,No,No,No,No,No,No,No,No,No,No,No,Yes,No,No,No,No,No,No,No,No,No,No,No,No,No,No,No,Yes,No,Yes,No,No,No,No,No,Yes,No,Yes,No,No,Yes,No,No,Yes,No,No,No,Yes,Yes,No,Yes,No,No,Yes,No
KBRF012,Bàn phím cơ RealForce R2 APC - Mechanical Topre 55gRAM switch Fullsize Black R2A-US5-BK ,No,No,No,No,No,No,No,No,No,No,No,No,No,No,No,No,No,No,No,No,No,No,No,No,No,No,No,No,No,No,No,No,No,No,No,No,No,No,No,No,No,No,No,No,Yes,No,No,No,No,No,No,No,No,No,No,No,No,Yes,No,No,Yes,Yes,No,No,No,No,No,Yes,Yes,No,No,No,Yes,No,No,No,Yes,No,No,Yes,Yes,No,No,No,No,No,No
KBDA027,Bàn phím cơ Dareu EK87 Mechanical Brown Switch 87 Black,Yes,No,No,No,No,No,No,No,No,No,No,No,Yes,No,No,No,No,No,No,No,No,No,No,No,No,No,No,No,No,No,No,No,No,No,No,No,No,No,No,No,No,No,No,No,No,No,No,No,No,No,No,No,No,No,Yes,No,No,No,No,Yes,No,Yes,No,No,No,No,Yes,No,No,Yes,No,No,Yes,No,No,No,No,No,No,Yes,Yes,No,No,No,No,No,No
KBED021,Bàn phím cơ E-Dra EK387 Pro Mechanical Gaming Outemu Blue switch Black Gray USB,Yes,No,No,No,No,No,No,No,No,No,No,No,No,No,No,No,No,No,Yes,No,No,No,No,No,No,No,No,No,No,No,No,No,No,No,No,No,No,No,No,No,No,No,No,No,No,No,No,No,No,No,No,No,No,No,Yes,No,No,No,No,No,Yes,Yes,No,No,Yes,No,No,No,No,Yes,No,No,No,No,Yes,No,No,No,No,Yes,Yes,No,No,No,No,No,No
KBVM039,Bàn phím cơ Varmilo Numpad VA21M Fairy Forest - Mechanical Cherry Red Switch,Yes,No,No,No,No,No,No,No,No,No,No,No,No,No,No,No,No,No,No,No,No,No,No,No,No,No,No,No,No,No,No,No,No,No,No,No,No,No,No,No,No,No,No,No,No,No,No,No,No,No,Yes,No,No,No,No,No,No,No,No,No,Yes,Yes,No,No,No,Yes,No,No,No,No,No,Yes,No,No,Yes,No,Yes,No,No,Yes,Yes,No,No,No,No,No,No
KBAT003,Bàn phím game A4tech B820R USB,No,Yes,No,No,Yes,No,No,No,No,No,No,No,No,No,No,No,No,No,No,No,No,No,No,No,No,No,No,No,No,No,No,No,No,No,No,No,No,No,No,No,No,No,No,No,No,No,No,No,No,No,No,No,No,No,No,Yes,No,No,Yes,No,No,Yes,No,No,No,No,No,No,Yes,No,No,No,Yes,No,No,No,No,No,No,Yes,Yes,No,No,No,No,No,No
KBAK087,Bàn phím AKKO ACG84 Dragon Ball Super Goku - Akko switch pink,No,No,No,No,No,No,Yes,No,No,No,No,No,No,No,No,No,No,No,No,No,No,No,No,No,No,No,No,No,No,No,No,No,No,No,No,No,No,No,No,No,No,No,No,No,No,No,No,No,No,No,No,No,No,No,No,Yes,No,No,No,No,Yes,Yes,No,No,No,Yes,No,No,No,Yes,No,No,No,No,Yes,No,Yes,No,No,Yes,Yes,No,No,Yes,No,Yes,No
KBCS063,Bàn phím Corsair K100 RGB Speed switch (CH-912A014-NA),No,No,No,No,No,No,No,No,No,No,No,Yes,No,No,No,No,No,No,No,No,No,No,No,No,No,No,No,No,No,No,No,No,No,No,No,No,No,No,No,No,No,No,No,No,No,No,No,No,No,No,No,No,No,No,No,No,No,Yes,Yes,No,No,No,No,No,No,No,No,Yes,Yes,No,No,No,Yes,No,No,No,Yes,No,No,Yes,Yes,Yes,No,No,Yes,No,No
KBLP126,Keyboard Leopold FC750R PD Graphite Blue Font Cherry Brown switch,Yes,No,No,No,No,No,No,No,No,No,No,No,No,No,No,No,No,No,No,No,No,No,No,No,No,No,No,No,No,No,No,No,Yes,No,No,No,No,No,No,No,No,No,No,No,No,No,No,No,No,No,No,No,No,No,No,No,Yes,No,No,No,Yes,Yes,No,No,No,No,Yes,No,No,Yes,No,No,No,No,Yes,No,Yes,No,No,Yes,Yes,No,No,No,No,No,No
KBDA028,Bàn phím cơ Dareu EK87 Mechanical Blue Switch 87 Black,Yes,No,No,No,No,No,No,No,No,No,No,No,Yes,No,No,No,No,No,No,No,No,No,No,No,No,No,No,No,No,No,No,No,No,No,No,No,No,No,No,No,No,No,No,No,No,No,No,No,No,No,No,No,No,No,Yes,No,No,No,No,Yes,No,Yes,No,No,Yes,No,No,No,No,Yes,No,No,No,No,No,No,No,No,No,Yes,Yes,No,No,No,No,No,No
KBED022,Bàn phím cơ E-Dra EK387 Pro Mechanical Gaming Outemu Brown switch Black Gray USB,Yes,No,No,No,No,No,No,No,No,No,No,No,No,No,No,No,No,No,Yes,No,No,No,No,No,No,No,No,No,No,No,No,No,No,No,No,No,No,No,No,No,No,No,No,No,No,No,No,No,No,No,No,No,No,No,Yes,No,No,No,No,No,Yes,Yes,No,No,No,No,Yes,No,No,Yes,No,No,No,No,Yes,No,No,No,No,Yes,Yes,No,No,No,No,No,No
KBVM038,Bàn phím cơ Varmilo Numpad VA21M Sakura - Mechanical Cherry Red Switch,Yes,No,No,No,No,No,No,No,No,No,No,No,No,No,No,No,No,No,No,No,No,No,No,No,No,No,No,No,No,No,No,No,No,No,No,No,No,No,No,No,No,No,No,No,No,No,No,No,No,No,Yes,No,No,No,No,No,No,No,No,No,Yes,Yes,No,No,No,Yes,No,No,No,No,No,Yes,No,No,Yes,No,Yes,No,No,Yes,Yes,No,No,No,No,No,No
KBBJ001,Bàn phím cơ BJX KM9 Fullsize Mechanical Blue Switch Led USB,Yes,No,No,No,No,No,No,No,No,Yes,No,No,No,No,No,No,No,No,No,No,No,No,No,No,No,No,No,No,No,No,No,No,No,No,No,No,No,No,No,No,No,No,No,No,No,No,No,No,No,No,No,No,No,No,No,No,No,No,No,Yes,No,Yes,No,No,Yes,No,No,No,Yes,No,No,No,No,No,Yes,Yes,No,No,No,Yes,Yes,No,No,No,No,No,No
KBAK088,Bàn phím AKKO ACG84 Dragon Ball Super Goku - Cherry Switch Blue,No,No,No,No,No,No,Yes,No,No,No,No,No,No,No,No,No,No,No,No,No,No,No,No,No,No,No,No,No,No,No,No,No,No,No,No,No,No,No,No,No,No,No,No,No,No,No,No,No,No,No,No,No,No,No,No,No,No,No,No,No,Yes,Yes,No,No,Yes,No,No,No,No,Yes,No,No,No,No,Yes,No,Yes,No,No,Yes,Yes,No,No,No,No,Yes,No
KBLP152,Bàn phím cơ Leopold FC900R White Pink OE Cherry Brown Switch,Yes,No,No,No,No,No,No,No,No,No,No,No,No,No,No,No,No,No,No,No,No,No,No,No,No,No,No,No,No,No,No,No,Yes,No,No,No,No,No,No,No,No,No,No,No,No,No,No,No,No,No,No,No,No,No,No,No,Yes,No,No,No,Yes,Yes,No,No,No,No,Yes,No,Yes,No,No,No,No,Yes,No,No,Yes,No,No,Yes,Yes,No,No,No,No,No,No
KBCS059,Bàn phím cơ Corsair K95 Platinum XT RGB Mechanical Gaming Cherry MX Brown Switch (CH-9127412-NA),No,No,No,No,No,No,No,No,No,No,No,Yes,No,No,No,No,No,No,No,No,No,No,No,No,No,No,No,No,No,No,No,No,No,No,No,No,No,No,No,No,No,No,No,No,No,No,No,No,No,No,No,No,No,No,No,No,No,Yes,Yes,No,No,Yes,No,No,No,No,Yes,No,Yes,No,No,No,Yes,No,No,No,Yes,No,No,Yes,Yes,No,No,No,No,No,No
KBLP162,Bàn phím cơ Leopold FC900RPD White Dark Grey Cherry Red Switch,Yes,No,No,No,No,No,No,No,No,No,No,No,No,No,No,No,No,No,No,No,No,No,No,No,No,No,No,No,No,No,No,No,Yes,No,No,No,No,No,No,No,No,No,No,No,No,No,No,No,No,No,No,No,No,No,No,No,No,No,No,No,Yes,Yes,No,No,No,Yes,No,No,Yes,No,No,No,No,Yes,No,No,Yes,No,No,Yes,Yes,No,No,No,No,No,No
KBDK184,Bàn phím cơ Ducky One 2 TKL RGB Cherry Blue switch,Yes,No,No,No,No,No,No,No,No,No,No,No,No,No,No,Yes,No,No,No,No,No,No,No,No,No,No,No,No,No,No,No,No,No,No,No,No,No,No,No,No,No,No,No,No,No,No,No,No,No,No,No,No,No,No,No,No,No,No,Yes,No,No,Yes,No,No,Yes,No,No,No,No,Yes,No,No,Yes,No,No,No,Yes,No,No,Yes,Yes,No,No,No,No,No,No
KBLP124,Keyboard Leopold FC750R PD Graphite Blue Font Cherry Red switch,Yes,No,No,No,No,No,No,No,No,No,No,No,No,No,No,No,No,No,No,No,No,No,No,No,No,No,No,No,No,No,No,No,Yes,No,No,No,No,No,No,No,No,No,No,No,No,No,No,No,No,No,No,No,No,No,No,No,Yes,No,No,No,Yes,Yes,No,No,No,Yes,No,No,No,Yes,No,No,No,No,Yes,No,Yes,No,No,Yes,Yes,No,No,No,No,No,No
KBLP141,Bàn phím cơ Leopold FC750R PD Dark Gray / Yellow Font PBT Doubleshot Cherry Brown switch ,Yes,No,No,No,No,No,No,No,No,No,No,No,No,No,No,No,No,No,No,No,No,No,No,No,No,No,No,No,No,No,No,No,Yes,No,No,No,No,No,No,No,No,No,No,No,No,No,No,No,No,No,No,No,No,No,No,No,No,No,No,No,Yes,Yes,No,No,No,No,Yes,No,No,Yes,No,No,No,No,Yes,No,Yes,No,No,Yes,Yes,No,No,No,No,No,No
KBIK039,Bàn phím IKBC CD87 PD (TKL/PBT Doubleshot/Cherry Red switch),Yes,No,No,No,No,No,No,No,No,No,No,No,No,No,No,No,No,No,No,No,No,No,No,No,No,No,Yes,No,No,No,No,No,No,No,No,No,No,No,No,No,No,No,No,No,No,No,No,No,No,No,No,No,No,No,No,Yes,No,No,No,No,Yes,Yes,No,No,No,Yes,No,No,No,Yes,No,No,Yes,No,No,No,Yes,No,No,Yes,Yes,No,No,No,No,No,No
KBAK001,Bàn phím cơ AKKO 3084 World Tour Tokyo Blue Switch ,No,No,No,No,No,No,Yes,No,No,No,No,No,No,No,No,No,No,No,No,No,No,No,No,No,No,No,No,No,No,No,No,No,No,No,No,No,No,No,No,No,No,No,No,No,No,No,No,No,No,No,No,No,No,No,No,Yes,No,No,No,No,Yes,Yes,No,No,No,No,No,Yes,No,No,Yes,No,No,No,Yes,No,Yes,No,No,Yes,Yes,No,No,No,No,No,No
KBAK017,Bàn phím cơ AKKO 3108S RGB PRO Pink Cherry MX Blue Switch,No,No,No,No,No,No,Yes,No,No,No,No,No,No,No,No,No,No,No,No,No,No,No,No,No,No,No,No,No,No,No,No,No,No,No,No,No,No,No,No,No,No,No,No,No,No,No,No,No,No,No,No,No,No,No,No,No,Yes,No,Yes,No,No,Yes,No,No,Yes,No,No,No,Yes,No,No,No,No,No,Yes,No,Yes,No,No,Yes,Yes,No,No,No,No,No,No
KBED042,Bàn phím cơ E-Dra EK387 Pro PBT Cherry Red switch Đen Xám,No,No,No,No,No,No,No,No,No,No,No,No,No,No,No,No,No,No,Yes,No,No,No,No,No,No,No,No,No,No,No,No,No,No,No,No,No,No,No,No,No,No,No,No,No,No,No,No,No,No,No,No,No,No,No,No,No,No,No,No,No,Yes,Yes,No,No,No,Yes,No,No,No,Yes,No,No,Yes,No,No,No,Yes,No,No,Yes,Yes,No,No,No,No,No,No
KBED051,Bàn phím cơ E-Dra EK3104 Pro (Cherry Red switch/PBT/USB/Đen),No,No,No,No,No,No,No,No,No,No,No,No,No,No,No,No,No,No,No,No,No,No,No,No,No,No,No,No,No,No,No,No,No,No,No,No,No,No,No,No,No,No,No,No,No,No,No,No,No,No,No,No,No,No,No,No,No,No,No,No,Yes,Yes,No,No,No,Yes,No,No,Yes,No,No,No,Yes,No,No,No,Yes,No,No,Yes,Yes,No,No,No,No,No,No
KBAK094,Bàn phím AKKO 3087 Dragon Ball Z Goku (Cherry Switch Blue),No,No,No,No,No,No,Yes,No,No,No,No,No,No,No,No,No,No,No,No,No,No,No,No,No,No,No,No,No,No,No,No,No,No,No,No,No,No,No,No,No,No,No,No,No,No,No,No,No,No,No,No,No,No,No,No,No,Yes,No,No,No,Yes,No,No,No,Yes,No,No,No,No,Yes,No,No,No,No,Yes,No,Yes,No,No,Yes,Yes,No,No,No,No,No,No
KBAK102,Bàn phím AKKO 3087 DS Midnight (USB/Akko Switch Pink),No,No,No,No,No,No,Yes,No,No,No,No,No,No,No,No,No,No,No,No,No,No,No,No,No,No,No,No,No,No,No,No,No,No,No,No,No,No,No,No,No,No,No,No,No,No,No,No,No,No,No,No,No,No,No,No,No,No,No,No,No,Yes,No,No,No,No,Yes,No,Yes,No,Yes,No,No,Yes,No,No,No,Yes,No,No,Yes,Yes,No,No,No,No,No,No
KBKE024,Bàn phím cơ Keychron K8 A2 (Gateron Blue switch/nhựa/đơn led/),No,No,No,No,No,No,No,No,No,No,No,No,No,No,No,No,No,No,No,No,No,No,No,No,No,No,No,No,No,Yes,No,No,No,No,No,No,No,No,No,No,No,No,No,No,No,No,No,No,No,No,No,No,No,No,No,Yes,No,No,No,Yes,No,No,No,Yes,No,No,No,Yes,No,Yes,No,No,Yes,No,No,Yes,No,No,No,Yes,Yes,No,No,No,No,No,No
KBAK109,Bàn phím cơ AKKO 3087 v2 One Piece - Chopper (USB/AKKO Blue switch),No,No,No,No,No,No,Yes,No,No,No,No,No,No,No,No,No,No,No,No,No,No,No,No,No,No,No,No,No,No,No,No,No,No,No,No,No,No,No,No,No,No,No,No,No,No,No,No,No,No,No,No,No,No,No,No,No,No,No,No,No,Yes,No,No,No,Yes,No,No,Yes,No,Yes,No,No,No,No,Yes,No,Yes,No,Yes,No,Yes,No,No,No,No,No,No
KBAK125,Bàn phím cơ AKKO 3108 v2 One Piece - Chopper (USB/AKKO Orange switch),No,No,No,No,No,No,Yes,No,No,No,No,No,No,No,No,No,No,No,No,No,No,No,No,No,No,No,No,No,No,No,No,No,No,No,No,No,No,No,No,No,No,No,No,No,No,No,No,No,No,No,No,No,No,No,No,Yes,No,No,No,No,Yes,No,No,No,No,No,Yes,Yes,Yes,No,No,No,No,No,Yes,No,Yes,No,Yes,No,Yes,No,No,No,No,No,No
KBCS066,Bàn phím Corsair K60 PRO SE (USB/RGB LED/Cherry MX Viola) (CH-910D119-NA),No,No,No,No,No,No,No,No,No,No,No,Yes,No,No,No,No,No,No,No,No,No,No,No,No,No,No,No,No,No,No,No,No,No,No,No,No,No,No,No,No,No,No,No,No,No,No,No,No,No,No,No,No,No,No,No,No,Yes,No,Yes,No,No,No,No,No,No,No,No,Yes,Yes,No,No,No,Yes,No,No,No,Yes,No,Yes,No,Yes,No,No,No,No,No,No
KBAK131,Bàn phím AKKO 3108 Dragon Ball Z - Frieza (Akko Orange sw),No,No,No,No,No,No,Yes,No,No,No,No,No,No,No,No,No,No,No,No,No,No,No,No,No,No,No,No,No,No,No,No,No,No,No,No,No,No,No,No,No,No,No,No,No,No,No,No,No,No,No,No,No,No,No,No,Yes,No,No,No,No,Yes,No,No,No,No,No,Yes,Yes,Yes,No,No,No,No,Yes,Yes,No,Yes,No,Yes,No,Yes,No,No,No,No,No,No
KBFU037,Bàn phím gaming Fuhlen E Eraser Mechanical Blue Switch Black,Yes,No,No,No,No,No,No,No,No,No,No,No,No,No,No,No,No,No,No,No,Yes,No,No,No,No,No,No,No,No,No,No,No,No,No,No,No,No,No,No,No,No,No,No,No,No,No,No,No,No,No,No,No,No,No,No,No,No,No,Yes,No,No,Yes,No,No,Yes,No,No,No,Yes,No,No,No,Yes,No,No,Yes,No,No,Yes,No,Yes,No,No,No,No,No,No
KBEB039,Bàn phím gaming Eblue Eblue EKM 757BGUS-IU USB Black,Yes,No,No,No,No,No,No,No,No,No,No,No,No,No,No,No,No,Yes,No,No,No,No,No,No,No,No,No,No,No,No,No,No,No,No,No,No,No,No,No,No,No,No,No,No,No,No,No,No,No,No,No,No,No,No,Yes,No,No,No,Yes,No,No,Yes,No,No,No,No,No,Yes,Yes,No,No,No,Yes,No,No,No,No,No,Yes,No,Yes,No,No,No,No,No,No
KBCS051,Bàn phím cơ Corsair K70 RGB MK2 Mechanical Cherry MX Silent,Yes,No,No,No,No,No,No,No,No,No,No,Yes,No,No,No,No,No,No,No,No,No,No,No,No,No,No,No,No,No,No,No,No,No,No,No,No,No,No,No,No,No,No,No,No,No,No,No,No,No,No,No,No,No,No,No,No,Yes,No,Yes,No,No,Yes,No,No,No,No,No,Yes,Yes,No,No,No,Yes,No,No,Yes,No,No,Yes,No,Yes,Yes,No,No,Yes,No,No
KBCS056,Bàn phím cơ Corsair K70 MK2 Low Profile Cherry Speed Switch,Yes,No,No,No,No,No,No,No,No,No,No,Yes,No,No,No,No,No,No,No,No,No,No,No,No,No,No,No,No,No,No,No,No,No,No,No,No,No,No,No,No,No,No,No,No,No,No,No,No,No,No,No,No,No,No,No,No,No,No,Yes,No,No,Yes,No,No,No,No,No,Yes,Yes,No,No,No,Yes,No,No,Yes,No,No,Yes,No,Yes,Yes,No,No,Yes,No,No
KBLP112,Bàn phím cơ Leopold FC750R PD TKL PBT Doubleshot Red switch SWEDISH,Yes,No,No,No,No,No,No,No,No,No,No,No,No,No,No,No,No,No,No,No,No,No,No,No,No,No,No,No,No,No,No,No,Yes,No,No,No,No,No,No,No,No,No,No,No,No,No,No,No,No,No,No,No,No,No,No,No,Yes,No,No,No,Yes,Yes,No,No,No,Yes,No,No,No,Yes,No,No,No,No,Yes,No,Yes,No,Yes,No,Yes,Yes,No,No,No,Yes,No
KBMI001,Bàn phím Microsoft Natural Ergonomic 4000 - B2M-00009 ,No,No,Yes,No,No,No,No,No,No,No,No,No,No,No,No,No,No,No,No,No,No,No,No,No,No,No,No,No,No,No,No,No,No,No,No,Yes,No,No,No,No,No,No,No,No,No,No,No,No,No,No,No,No,No,No,No,Yes,No,No,No,No,Yes,Yes,No,No,No,No,No,No,Yes,No,No,No,No,No,Yes,No,No,No,Yes,No,Yes,No,No,No,No,No,No
KBDA029,Bàn phím cơ Dareu EK87 Mechanical Red Switch 87 Black,Yes,No,No,No,No,No,No,No,No,No,No,No,Yes,No,No,No,No,No,No,No,No,No,No,No,No,No,No,No,No,No,No,No,No,No,No,No,No,No,No,No,No,No,No,No,No,No,No,No,No,No,No,No,No,No,Yes,No,No,No,No,Yes,No,Yes,No,No,No,Yes,No,No,No,Yes,No,No,Yes,No,No,No,No,No,Yes,No,Yes,No,No,No,No,No,No
KBED023,Bàn phím cơ E-Dra EK387 Pro Mechanical Gaming Outemu Red switch Black Gray USB,No,No,No,No,No,No,No,No,No,No,No,No,No,No,No,No,No,No,Yes,No,No,No,No,No,No,No,No,No,No,No,No,No,No,No,No,No,No,No,No,No,No,No,No,No,No,No,No,No,No,No,No,No,No,No,Yes,No,No,No,No,No,Yes,Yes,No,No,No,Yes,No,No,No,Yes,No,No,No,No,Yes,No,No,No,Yes,No,Yes,No,No,No,No,No,No
KBBJ002,Bàn phím cơ BJX KM9 Fullsize Mechanical Red Switch Led USB,Yes,No,No,No,No,No,No,No,No,Yes,No,No,No,No,No,No,No,No,No,No,No,No,No,No,No,No,No,No,No,No,No,No,No,No,No,No,No,No,No,No,No,No,No,No,No,No,No,No,No,No,No,No,No,No,No,No,No,No,No,Yes,No,Yes,No,No,No,Yes,No,No,Yes,No,No,No,No,No,Yes,Yes,No,No,Yes,No,Yes,No,No,No,No,No,No
KBAK089,Bàn phím AKKO ACG84 Dragon Ball Super Goku - Cherry Switch Brown,No,No,No,No,No,No,Yes,No,No,No,No,No,No,No,No,No,No,No,No,No,No,No,No,No,No,No,No,No,No,No,No,No,No,No,No,No,No,No,No,No,No,No,No,No,No,No,No,No,No,No,No,No,No,No,No,No,Yes,No,No,No,Yes,Yes,No,No,No,No,Yes,No,No,Yes,No,No,No,No,Yes,No,Yes,No,Yes,No,Yes,No,No,No,No,Yes,No
HHTL726,Bàn phím Asus TUF K1 RGB (Hàng Thanh Lý - KBAS024),No,No,No,No,No,No,No,No,Yes,No,No,No,No,No,No,No,No,No,No,No,No,No,No,No,No,No,No,No,No,No,No,No,No,No,No,No,No,No,No,No,No,No,No,No,No,No,No,No,No,No,No,No,No,No,No,No,No,No,Yes,No,No,No,No,No,No,No,No,Yes,Yes,No,No,No,Yes,No,No,Yes,No,No,Yes,No,No,No,No,Yes,Yes,No,No
KBCS058,Bàn phím cơ Corsair K95 Platinum XT RGB Mechanical Gaming Cherry MX Blue Switch (CH-9127411-NA),Yes,No,No,No,No,No,No,No,No,No,No,Yes,No,No,No,No,No,No,No,No,No,No,No,No,No,No,No,No,No,No,No,No,No,No,No,No,No,No,No,No,No,No,No,No,No,No,No,No,No,No,No,No,No,No,No,No,No,Yes,Yes,No,No,Yes,No,No,Yes,No,No,No,Yes,No,No,No,Yes,No,No,No,Yes,No,Yes,No,No,No,No,No,No,No,No
KBRF004,Bàn phím cơ Realforce R2 Silent - Mechanical Topre Variable switch TKL White R2TLS-USV-IV,Yes,No,No,No,No,No,No,No,No,No,No,No,No,No,No,No,No,No,No,No,No,No,No,No,No,No,No,No,No,No,No,No,No,No,No,No,No,No,No,No,No,No,No,No,Yes,No,No,No,No,No,No,No,No,No,No,No,No,Yes,No,No,Yes,Yes,No,No,No,No,No,Yes,No,Yes,No,No,No,Yes,No,No,Yes,No,Yes,No,No,No,No,No,No,No,No
KBDK185,Bàn phím cơ Ducky One 2 TKL RGB Cherry Red switch,Yes,No,No,No,No,No,No,No,No,No,No,No,No,No,No,Yes,No,No,No,No,No,No,No,No,No,No,No,No,No,No,No,No,No,No,No,No,No,No,No,No,No,No,No,No,No,No,No,No,No,No,No,No,No,No,No,No,Yes,No,Yes,No,No,Yes,No,No,No,Yes,No,No,No,Yes,No,No,Yes,No,No,No,Yes,No,Yes,No,No,No,No,No,No,No,No
KBVM009,Bàn phím cơ Varmilo VA87M Sea Melody - Mechanical Cherry Brown switch,No,No,No,No,No,No,No,No,No,No,No,No,No,No,No,No,No,No,No,No,No,No,No,No,No,No,No,No,No,No,No,No,No,No,No,No,No,No,No,No,No,No,No,No,No,No,No,No,No,No,Yes,No,No,No,No,No,Yes,No,No,No,Yes,Yes,No,No,No,No,Yes,No,No,Yes,No,No,No,No,Yes,No,Yes,No,Yes,No,No,No,No,No,No,No,No
KBIK040,Bàn phím IKBC CD87 PD (TKL/PBT Doubleshot/Cherry Blue switch),No,No,No,No,No,No,No,No,No,No,No,No,No,No,No,No,No,No,No,No,No,No,No,No,No,No,Yes,No,No,No,No,No,No,No,No,No,No,No,No,No,No,No,No,No,No,No,No,No,No,No,No,No,No,No,No,Yes,No,No,No,No,Yes,Yes,No,No,Yes,No,No,No,No,Yes,No,No,Yes,No,No,No,Yes,No,Yes,No,No,No,No,No,No,No,No
KBAK002,Bàn phím cơ AKKO 3084 World Tour Tokyo Orange Switch,No,No,No,No,No,No,Yes,No,No,No,No,No,No,No,No,No,No,No,No,No,No,No,No,No,No,No,No,No,No,No,No,No,No,No,No,No,No,No,No,No,No,No,No,No,No,No,No,No,No,No,No,No,No,No,No,Yes,No,No,No,No,Yes,Yes,No,No,No,No,No,Yes,No,No,Yes,No,No,No,Yes,No,Yes,No,Yes,No,No,No,No,No,No,No,No
KBFC181,Bàn phím cơ Filco Majestouch Stingray Red switch 87 Black FKBS87XMRL/EB,No,No,No,No,No,No,No,No,No,No,No,No,No,No,No,No,No,No,No,Yes,No,No,No,No,No,No,No,No,No,No,No,No,No,No,No,No,No,No,No,No,No,No,No,No,No,No,No,No,No,No,No,No,No,No,No,No,No,No,No,No,Yes,Yes,No,No,No,Yes,No,No,No,Yes,No,No,Yes,No,No,Yes,No,No,Yes,Yes,Yes,Yes,No,No,No,Yes,No
KBRZ071,Bàn phím cơ Razer Blackwidow Elite Yellow Switch (RZ03-02622000-R3M1),Yes,No,No,No,No,No,No,No,No,No,No,No,No,No,No,No,No,No,No,No,No,No,No,No,No,No,No,No,No,No,No,No,No,No,No,No,No,No,No,No,No,No,No,Yes,No,No,No,No,No,No,No,No,No,No,No,No,Yes,No,Yes,No,No,Yes,No,No,No,No,No,Yes,Yes,No,No,No,Yes,No,No,Yes,No,No,Yes,Yes,Yes,No,Yes,No,Yes,No,No
KBED009,Bàn phím cơ E-Dra EK3104 (USB/Outemu Brown Switch/Đơn LED),Yes,No,No,No,No,No,No,No,No,No,No,No,No,No,No,No,No,No,Yes,No,No,No,No,No,No,No,No,No,No,No,No,No,No,No,No,No,No,No,No,No,No,No,No,No,No,No,No,No,No,No,No,No,No,No,No,No,No,No,Yes,No,No,Yes,No,No,No,No,Yes,No,Yes,No,No,No,Yes,No,No,Yes,No,No,Yes,Yes,Yes,No,No,No,No,No,No
KBSS035,Bàn phím cơ Steelseries Apex Pro RGB - Mechanical Omnipoint switch Gaming Black,No,No,No,No,No,No,No,No,No,No,No,No,No,No,No,No,No,No,No,No,No,No,No,No,No,No,No,No,No,No,No,No,No,No,No,No,No,No,No,No,No,No,No,No,No,No,No,Yes,No,No,No,No,No,No,No,No,No,Yes,Yes,No,No,Yes,No,No,No,No,No,Yes,Yes,No,No,No,Yes,No,No,No,No,No,Yes,Yes,Yes,No,No,No,No,No,No
KBVM029,Bàn phím cơ Varmilo VA87M Rainbow Led RGB - Mechanical Cherry Brown Switch,Yes,No,No,No,No,No,No,No,No,No,No,No,No,No,No,No,No,No,No,No,No,No,No,No,No,No,No,No,No,No,No,No,No,No,No,No,No,No,No,No,No,No,No,No,No,No,No,No,No,No,Yes,No,No,No,No,No,No,No,Yes,No,No,Yes,No,No,No,No,Yes,No,No,Yes,No,No,No,Yes,No,No,Yes,No,Yes,Yes,Yes,No,No,No,No,No,No
KBLP173,Keyboard Leopold FC660M PD Graphite Blue Font Cherry Red switch,No,No,No,No,No,No,No,No,No,No,No,No,No,No,No,No,No,No,No,No,No,No,No,No,No,No,No,No,No,No,No,No,Yes,No,No,No,No,No,No,No,No,No,No,No,No,No,No,No,No,No,No,No,No,No,No,No,Yes,No,No,No,No,No,No,No,No,No,No,No,No,No,No,No,No,No,No,No,No,No,Yes,Yes,Yes,No,No,No,No,No,No
KBCS060,Bàn phím cơ Corsair K95 Platinum XT RGB Mechanical Gaming Cherry MX Speed Switch (CH-9127414-NA),Yes,No,No,No,No,No,No,No,No,No,No,Yes,No,No,No,No,No,No,No,No,No,No,No,No,No,No,No,No,No,No,No,No,No,No,No,No,No,No,No,No,No,No,No,No,No,No,No,No,No,No,No,No,No,No,No,No,No,Yes,Yes,No,No,Yes,No,No,No,No,No,Yes,Yes,No,No,No,Yes,No,No,No,Yes,No,Yes,Yes,Yes,No,No,No,No,No,No
KBED006,Bàn phím cơ E-Dra - EK387 Mechanica Gaming Outemu Brown Switch,No,No,No,No,No,No,No,No,No,No,No,No,No,No,No,No,No,No,Yes,No,No,No,No,No,No,No,No,No,No,No,No,No,No,No,No,No,No,No,No,No,No,No,No,No,No,No,No,No,No,No,No,No,No,No,Yes,No,No,No,Yes,No,No,Yes,No,No,No,No,Yes,No,No,Yes,No,No,Yes,No,No,Yes,No,No,Yes,No,No,No,No,No,No,No,No
KBVM023,Bàn phím cơ Varmilo VA108M Fairy Forest - Mechanical Cherry Red switch,No,No,No,No,No,No,No,No,No,No,No,No,No,No,No,No,No,No,No,No,No,No,No,No,No,No,No,No,No,No,No,No,No,No,No,No,No,No,No,No,No,No,No,No,No,No,No,No,No,No,Yes,No,No,No,No,No,Yes,No,No,No,Yes,Yes,No,No,No,Yes,No,No,Yes,No,No,No,No,No,Yes,No,Yes,No,Yes,No,No,No,No,No,No,No,No
KBLP157,Bàn phím cơ Leopold FC660M White Pink OE Cherry Blue Switch,No,No,No,No,No,No,No,No,No,No,No,No,No,No,No,No,No,No,No,No,No,No,No,No,No,No,No,No,No,No,No,No,Yes,No,No,No,No,No,No,No,No,No,No,No,No,No,No,No,No,No,No,No,No,No,No,No,No,No,No,No,Yes,Yes,No,No,Yes,No,No,No,No,No,Yes,No,No,Yes,No,No,Yes,No,Yes,No,No,No,No,No,No,No,No
KBIK048,Bàn phím IKBC W210 (Fullsize / Wireless / PBT / Cherry Red switch),Yes,No,No,No,No,No,No,No,No,No,No,No,No,No,No,No,No,No,No,No,No,No,No,No,No,No,Yes,No,No,No,No,No,No,No,No,No,No,No,No,No,No,No,No,No,No,No,No,No,No,No,No,No,No,No,No,No,No,No,No,No,Yes,No,Yes,No,No,Yes,No,No,Yes,No,No,No,Yes,No,No,No,Yes,No,Yes,No,No,No,No,No,No,No,No
KBAO001,Bàn phím cơ AOC GK500 RGB Outemu Blue Switch Gaming (GK500/74),No,No,No,No,No,No,No,Yes,No,No,No,No,No,No,No,No,No,No,No,No,No,No,No,No,No,No,No,No,No,No,No,No,No,No,No,No,No,No,No,No,No,No,No,No,No,No,No,No,No,No,No,No,No,No,No,Yes,No,No,Yes,No,No,Yes,No,No,Yes,No,No,No,Yes,No,No,No,Yes,No,No,Yes,No,No,Yes,No,No,No,No,No,No,No,No
KBAK034,Bàn phím cơ Akko 3108 Dragon Ball Z Goku Akko Pink switch,Yes,No,No,No,No,No,Yes,No,No,No,No,No,No,No,No,No,No,No,No,No,No,No,No,No,No,No,No,No,No,No,No,No,No,No,No,No,No,No,No,No,No,No,No,No,No,No,No,No,No,No,No,No,No,No,No,Yes,No,No,No,No,Yes,Yes,No,No,No,No,No,Yes,Yes,No,No,No,No,No,Yes,No,Yes,No,Yes,No,No,No,No,No,No,No,No
KBED047,Bàn phím E-Dra EK502 Đen,Yes,No,No,No,No,No,No,No,No,No,No,No,No,No,No,No,No,No,Yes,No,No,No,No,No,No,No,No,No,No,No,No,No,No,No,No,No,No,No,No,No,No,No,No,No,No,No,No,No,No,No,No,No,No,Yes,No,No,No,No,No,No,No,No,No,No,No,No,No,No,No,No,No,No,No,No,No,No,No,No,Yes,No,No,No,No,No,No,No,No
KBMM004,Bàn phím cơ Mistel X8 Gloaming (USB/Cherry Red switch),Yes,No,No,No,No,No,No,No,No,No,No,No,No,No,No,No,No,No,No,No,No,No,No,No,No,No,No,No,No,No,No,No,No,No,No,No,No,Yes,No,No,No,No,No,No,No,No,No,No,No,No,No,No,No,No,No,No,Yes,No,No,No,Yes,No,No,No,No,Yes,No,No,Yes,No,No,No,Yes,No,No,No,Yes,No,Yes,No,No,No,No,No,No,No,No
KBRZ083,Bàn phím cơ Razer Huntsman Mini Mercury ( Clicky Purple optical switch) (RZ03-03390300-R3M1) ,Yes,No,No,No,No,No,No,No,No,No,No,No,No,No,No,No,No,No,No,No,No,No,No,No,No,No,No,No,No,No,No,No,No,No,No,No,No,No,No,No,No,No,No,Yes,No,No,No,No,No,No,No,No,No,No,No,No,Yes,No,Yes,No,No,No,No,No,Yes,No,No,Yes,No,No,Yes,No,No,Yes,No,No,Yes,No,Yes,No,No,No,No,No,No,No,No
KBKE017,Bàn phím cơ Keychron K6 O1 (Gateron Red switch/nhựa/đơn led),Yes,No,No,No,No,No,No,No,No,No,No,No,No,No,No,No,No,No,No,No,No,No,No,No,No,No,No,No,No,Yes,No,No,No,No,No,No,No,No,No,No,No,No,No,No,No,No,No,No,No,No,No,No,No,No,No,Yes,No,No,No,Yes,No,No,No,Yes,No,No,No,Yes,No,No,Yes,No,Yes,No,No,Yes,No,No,Yes,No,No,No,No,No,No,No,No
KBDA055,Bàn Phím cơ Dareu EK1280s Pink White (USB/Multi LED/Brown switch),Yes,No,No,No,No,No,No,No,No,No,No,No,Yes,No,No,No,No,No,No,No,No,No,No,No,No,No,No,No,No,No,No,No,No,No,No,No,No,No,No,No,No,No,No,No,No,No,No,No,No,No,No,No,No,No,Yes,No,No,No,No,Yes,No,No,No,No,No,No,Yes,Yes,Yes,No,No,No,No,No,Yes,Yes,No,No,Yes,No,No,No,No,No,No,No,No
KBBJ003,Bàn phím cơ BJX KM9 (Pink version/USB/Fullsize/Blue switch),Yes,No,No,No,No,No,No,No,No,Yes,No,No,No,No,No,No,No,No,No,No,No,No,No,No,No,No,No,No,No,No,No,No,No,No,No,No,No,No,No,No,No,No,No,No,No,No,No,No,No,No,No,No,No,No,Yes,No,No,No,No,Yes,No,No,No,No,Yes,No,No,Yes,Yes,No,No,No,No,No,Yes,Yes,No,No,Yes,No,No,No,No,No,No,No,No
KBGE048,Keyboard Genius KB125 USB Black,No,No,Yes,No,No,No,No,No,No,No,No,No,No,No,No,No,No,No,No,No,No,No,Yes,No,No,No,No,No,No,No,No,No,No,No,No,No,No,No,No,No,No,No,No,No,No,No,No,No,No,No,No,No,No,Yes,No,No,No,No,No,No,Yes,Yes,No,No,No,No,No,No,No,No,No,No,Yes,No,No,No,No,No,Yes,No,No,No,No,No,No,No,No
KBLP051,Bàn phím cơ Leopold FC900R PD PBT Doubleshot Red switch Black,Yes,No,No,No,No,No,No,No,No,No,No,No,No,No,No,No,No,No,No,No,No,No,No,No,No,No,No,No,No,No,No,No,Yes,No,No,No,No,No,No,No,No,No,No,No,No,No,No,No,No,No,No,No,No,No,No,No,No,No,No,No,Yes,Yes,No,No,No,Yes,No,No,Yes,No,No,No,Yes,No,No,No,Yes,No,Yes,No,No,Yes,No,No,Yes,No,No
KBDK162,Bàn phím cơ Ducky One Skyline TKL Blue Switch,No,No,No,No,No,No,No,No,No,No,No,No,No,No,No,Yes,No,No,No,No,No,No,No,No,No,No,No,No,No,No,No,No,No,No,No,No,No,No,No,No,No,No,No,No,No,No,No,No,No,No,No,No,No,No,No,Yes,No,No,No,No,Yes,Yes,No,No,Yes,No,No,No,No,Yes,No,No,No,No,Yes,No,Yes,No,Yes,No,No,Yes,No,No,No,Yes,No
KBLP082,Bàn phím cơ Leopold FC660M PD PBT Doubleshot Blue switch Blue-Grey,Yes,No,No,No,No,No,No,No,No,No,No,No,No,No,No,No,No,No,No,No,No,No,No,No,No,No,No,No,No,No,No,No,Yes,No,No,No,No,No,No,No,No,No,No,No,No,No,No,No,No,No,No,No,No,No,No,No,Yes,No,No,No,Yes,Yes,No,No,Yes,No,No,No,No,No,Yes,No,No,No,Yes,No,Yes,No,Yes,No,No,Yes,No,No,No,No,Yes
KBLP088,Bàn phím cơ Leopold FC980M PD Grey PBT Doubleshot Brown switch Blue Font,Yes,No,No,No,No,No,No,No,No,No,No,No,No,No,No,No,No,No,No,No,No,No,No,No,No,No,No,No,No,No,No,No,Yes,No,No,No,No,No,No,No,No,No,No,No,No,No,No,No,No,No,No,No,No,No,No,No,Yes,No,No,No,Yes,Yes,No,No,No,No,Yes,No,Yes,No,No,No,No,No,Yes,No,Yes,No,No,No,No,Yes,No,No,Yes,No,No
KBAS018,Keyboard ASUS ROG Strix Flare Cherry Blue switch (XA01) (USB/RGB/Đen),No,No,No,No,No,No,No,No,Yes,No,No,No,No,No,No,No,No,No,No,No,No,No,No,No,No,No,No,No,No,No,No,No,No,No,No,No,No,No,No,No,No,No,No,No,No,No,No,No,No,No,No,No,No,No,No,No,No,Yes,Yes,No,No,Yes,No,No,Yes,No,No,No,Yes,No,No,No,Yes,No,No,Yes,No,No,No,No,No,Yes,No,No,Yes,No,No
KBED017,Bàn phím cơ E-Dra EK3104 (USB/Outemu Brown Switch/RGB),Yes,No,No,No,No,No,No,No,No,No,No,No,No,No,No,No,No,No,Yes,No,No,No,No,No,No,No,No,No,No,No,No,No,No,No,No,No,No,No,No,No,No,No,No,No,No,No,No,No,No,No,No,No,No,No,No,No,No,No,Yes,No,No,Yes,No,No,No,No,Yes,No,Yes,No,No,No,Yes,No,No,Yes,No,No,No,No,No,No,No,Yes,Yes,No,No
KBFC182,Bàn phím cơ Filco Majestouch Stingray Ninja Red switch 87 Black FKBS87XMRL/EFB,No,No,No,No,No,No,No,No,No,No,No,No,No,No,No,No,No,No,No,Yes,No,No,No,No,No,No,No,No,No,No,No,No,No,No,No,No,No,No,No,No,No,No,No,No,No,No,No,No,No,No,No,No,No,No,No,No,No,No,No,No,Yes,Yes,No,No,No,Yes,No,No,No,Yes,No,No,Yes,No,No,Yes,No,No,No,No,No,Yes,No,No,No,Yes,No
KBRZ072,Bàn phím cơ Razer Blackwidow Elite Orange Switch (RZ03-02621800-R3M1),No,No,No,No,No,No,No,No,No,No,No,No,No,No,No,No,No,No,No,No,No,No,No,No,No,No,No,No,No,No,No,No,No,No,No,No,No,No,No,No,No,No,No,Yes,No,No,No,No,No,No,No,No,No,No,No,No,Yes,No,Yes,No,No,Yes,No,No,No,No,No,Yes,Yes,No,No,No,Yes,No,No,Yes,No,No,No,No,No,No,Yes,No,Yes,No,No
KBED010,Bàn phím cơ E-Dra EK3104 Led Mechanical Gaming Outemu Red Switch,Yes,No,No,No,No,No,No,No,No,No,No,No,No,No,No,No,No,No,Yes,No,No,No,No,No,No,No,No,No,No,No,No,No,No,No,No,No,No,No,No,No,No,No,No,No,No,No,No,No,No,No,No,No,No,No,No,No,No,No,Yes,No,No,Yes,No,No,No,Yes,No,No,Yes,No,No,No,Yes,No,No,Yes,No,No,No,No,No,No,No,No,No,No,No
KBSS034,Bàn phím cơ Steelseries Apex 7 TKL Mechanical Blue Switch US (64758),No,No,No,No,No,No,No,No,No,No,No,No,No,No,No,No,No,No,No,No,No,No,No,No,No,No,No,No,No,No,No,No,No,No,No,No,No,No,No,No,No,No,No,No,No,No,No,Yes,No,No,No,No,No,No,No,No,Yes,No,Yes,No,No,Yes,No,No,Yes,No,No,No,No,Yes,No,No,Yes,No,No,No,No,No,No,No,No,No,No,No,No,No,No
KBVM028,Bàn phím cơ Varmilo VA108M Radiation - Mechanical Cherry Brown Switch,Yes,No,No,No,No,No,No,No,No,No,No,No,No,No,No,No,No,No,No,No,No,No,No,No,No,No,No,No,No,No,No,No,No,No,No,No,No,No,No,No,No,No,No,No,No,No,No,No,No,No,Yes,No,No,No,No,No,No,No,No,Yes,No,Yes,No,No,No,No,Yes,No,Yes,No,No,No,No,No,Yes,No,Yes,No,No,No,No,No,No,No,No,No,No
KBLP174,Keyboard Leopold FC660M PD White Grey Cherry Red switch,No,No,No,No,No,No,No,No,No,No,No,No,No,No,No,No,No,No,No,No,No,No,No,No,No,No,No,No,No,No,No,No,Yes,No,No,No,No,No,No,No,No,No,No,No,No,No,No,No,No,No,No,No,No,No,No,No,Yes,No,No,No,Yes,Yes,No,No,No,Yes,No,No,No,No,Yes,No,No,Yes,No,No,Yes,No,No,Yes,No,Yes,No,No,No,No,Yes
KBKT007,Bàn phím gaming Kingston HyperX Alloy Elite RGB Cherrry Red switch,No,No,No,No,No,No,No,No,No,No,No,No,No,No,No,No,No,No,No,No,No,No,No,No,No,No,No,No,No,No,Yes,No,No,No,No,No,No,No,No,No,No,No,No,No,No,No,No,No,No,No,No,No,No,No,No,No,Yes,No,Yes,No,No,Yes,No,No,No,Yes,No,No,Yes,No,No,No,Yes,No,No,No,No,No,No,Yes,No,No,No,No,No,No,No
KBLO082,Bàn phím cơ Logitech G Pro X RGB Lightsync - Mechanical GX Blue Switch Gaming Keyboard,No,No,No,No,No,No,No,No,No,No,No,No,No,No,No,No,No,No,No,No,No,No,No,No,No,No,No,No,No,No,No,No,No,Yes,No,No,No,No,No,No,No,No,No,No,No,No,No,No,No,No,No,No,No,No,No,No,No,No,Yes,No,No,Yes,No,No,Yes,No,No,No,No,Yes,No,No,Yes,No,No,Yes,No,No,No,Yes,No,No,No,No,No,No,No
KBLP158,Bàn phím cơ Leopold FC660M White Pink OE Cherry Red Switch,Yes,No,No,No,No,No,No,No,No,No,No,No,No,No,No,No,No,No,No,No,No,No,No,No,No,No,No,No,No,No,No,No,Yes,No,No,No,No,No,No,No,No,No,No,No,No,No,No,No,No,No,No,No,No,No,No,No,Yes,No,No,No,Yes,Yes,No,No,No,Yes,No,No,No,No,Yes,No,No,Yes,No,No,Yes,No,No,Yes,No,No,No,No,No,No,No
KBED007,Bàn phím cơ E-Dra - EK387 Mechanica Gaming Outemu Red Switch,No,No,No,No,No,No,No,No,No,No,No,No,No,No,No,No,No,No,Yes,No,No,No,No,No,No,No,No,No,No,No,No,No,No,No,No,No,No,No,No,No,No,No,No,No,No,No,No,No,No,No,No,No,No,No,Yes,No,No,No,Yes,No,No,Yes,No,No,No,Yes,No,No,No,Yes,No,No,Yes,No,No,Yes,No,No,No,Yes,No,No,No,No,No,No,No
KBRF011,Bàn phím cơ Realforce R2 RGB - Mechanical Topre 45gram switch TKL Black R2TLA-US4G-BK,No,No,No,No,No,No,No,No,No,No,No,No,No,No,No,No,No,No,No,No,No,No,No,No,No,No,No,No,No,No,No,No,No,No,No,No,No,No,No,No,No,No,No,No,Yes,No,No,No,No,No,No,No,No,No,No,No,No,Yes,Yes,No,No,Yes,No,No,No,No,No,Yes,No,Yes,No,No,Yes,No,No,No,Yes,No,No,Yes,No,No,No,No,No,No,No
KBVM024,Bàn phím cơ Varmilo VA108M Chicken Dinner PUBG - Mechanical Cherry Red switch,No,No,No,No,No,No,No,No,No,No,No,No,No,No,No,No,No,No,No,No,No,No,No,No,No,No,No,No,No,No,No,No,No,No,No,No,No,No,No,No,No,No,No,No,No,No,No,No,No,No,Yes,No,No,No,No,No,Yes,No,No,Yes,No,Yes,No,No,No,Yes,No,No,Yes,No,No,No,No,No,Yes,No,Yes,No,No,Yes,No,No,No,No,No,No,No
KBIK049,Bàn phím IKBC W210 (Fullsize / Wireless / PBT / Cherry Blue switch),Yes,No,No,No,No,No,No,No,No,No,No,No,No,No,No,No,No,No,No,No,No,No,No,No,No,No,Yes,No,No,No,No,No,No,No,No,No,No,No,No,No,No,No,No,No,No,No,No,No,No,No,No,No,No,No,No,No,Yes,No,No,No,Yes,No,Yes,No,Yes,No,No,No,Yes,No,No,No,Yes,No,No,No,Yes,No,No,No,No,No,No,No,No,No,No
KBAK011,Bàn phím cơ AKKO 3108S Black Led White Cherry MX Blue Switch,Yes,No,No,No,No,No,Yes,No,No,No,No,No,No,No,No,No,No,No,No,No,No,No,No,No,No,No,No,No,No,No,No,No,No,No,No,No,No,No,No,No,No,No,No,No,No,No,No,No,No,No,No,No,No,No,No,Yes,No,No,No,Yes,No,Yes,No,No,Yes,No,No,No,Yes,No,No,No,Yes,No,No,No,Yes,No,No,No,No,No,No,No,No,No,No
KBAK101,Bàn phím AKKO 3087 DS Midnight (USB/Akko Switch Orange),Yes,No,No,No,No,No,Yes,No,No,No,No,No,No,No,No,No,No,No,No,No,No,No,No,No,No,No,No,No,No,No,No,No,No,No,No,No,No,No,No,No,No,No,No,No,No,No,No,No,No,No,No,No,No,No,No,No,No,No,No,No,Yes,No,No,No,No,No,Yes,Yes,No,Yes,No,No,Yes,No,No,No,Yes,No,No,Yes,Yes,No,No,No,No,No,No
KBKE023,Bàn phím cơ Keychron K8 A1 (Gateron Red switch/nhựa/đơn led/),Yes,No,No,No,No,No,No,No,No,No,No,No,No,No,No,No,No,No,No,No,No,No,No,No,No,No,No,No,No,Yes,No,No,No,No,No,No,No,No,No,No,No,No,No,No,No,No,No,No,No,No,No,No,No,No,No,Yes,No,No,No,Yes,No,No,No,Yes,No,No,No,Yes,No,Yes,No,No,Yes,No,No,Yes,No,No,No,Yes,Yes,No,No,No,No,No,No
KBAK124,Bàn phím cơ AKKO 3108 v2 One Piece - Chopper (USB/AKKO Blue switch),Yes,No,No,No,No,No,Yes,No,No,No,No,No,No,No,No,No,No,No,No,No,No,No,No,No,No,No,No,No,No,No,No,No,No,No,No,No,No,No,No,No,No,No,No,No,No,No,No,No,No,No,No,No,No,No,No,Yes,No,No,No,No,Yes,No,No,No,Yes,No,No,Yes,Yes,No,No,No,No,No,Yes,No,Yes,No,No,Yes,Yes,No,No,No,No,No,No
KBCS065,Bàn phím Corsair K60 PRO (USB/Red LED/Cherry MX Viola) (CH-910D029-NA),Yes,No,No,No,No,No,No,No,No,No,No,Yes,No,No,No,No,No,No,No,No,No,No,No,No,No,No,No,No,No,No,No,No,No,No,No,No,No,No,No,No,No,No,No,No,No,No,No,No,No,No,No,No,No,No,No,Yes,No,No,Yes,No,No,No,No,No,No,No,No,Yes,Yes,No,No,No,Yes,No,No,No,Yes,No,No,Yes,Yes,No,No,No,No,No,No
KBAK130,Bàn phím AKKO 3108 Dragon Ball Z - Frieza (Akko Blue sw),No,No,No,No,No,No,Yes,No,No,No,No,No,No,No,No,No,No,No,No,No,No,No,No,No,No,No,No,No,No,No,No,No,No,No,No,No,No,No,No,No,No,No,No,No,No,No,No,No,No,No,No,No,No,No,No,Yes,No,No,No,No,Yes,No,No,No,Yes,No,No,Yes,Yes,No,No,No,No,Yes,No,No,Yes,No,No,Yes,Yes,No,No,No,No,No,No
KBEB001,Bàn phím gaming Eblue EKM046BK USB Black,No,Yes,No,No,No,No,No,No,No,No,No,No,No,No,No,No,No,Yes,No,No,No,No,No,No,No,No,No,No,No,No,No,No,No,No,No,No,No,No,No,No,No,No,No,No,No,No,No,No,No,No,No,No,No,Yes,No,No,No,No,No,No,Yes,Yes,No,No,No,No,No,No,Yes,No,No,No,No,No,Yes,No,No,No,No,Yes,Yes,No,No,No,No,No,No
KBFC086,"Bàn phím cơ Filco Majestouch 2 Minila Air 67 Brown switch - (FFKBT67M/EB - Wireless) , ",Yes,No,No,No,No,No,No,No,No,No,No,No,No,No,No,No,No,No,No,Yes,No,No,No,No,No,No,No,No,No,No,No,No,No,No,No,No,No,No,No,No,No,No,No,No,No,No,No,No,No,No,No,No,No,No,No,No,No,No,No,No,Yes,No,No,Yes,No,No,Yes,No,No,No,Yes,No,Yes,No,No,Yes,No,No,No,Yes,Yes,Yes,No,No,No,No,Yes
KBNM064,Bàn phím gaming Newmen GM310 Black Mechanical Blue Switch,Yes,No,No,No,No,No,No,No,No,No,No,No,No,No,No,No,No,No,No,No,No,No,No,No,No,No,No,No,No,No,No,No,No,No,No,No,No,No,No,No,No,Yes,No,No,No,No,No,No,No,No,No,No,No,No,No,No,No,No,No,Yes,No,Yes,No,No,Yes,No,No,No,Yes,No,No,No,Yes,No,No,No,No,No,No,Yes,Yes,No,No,No,No,No,No
KBFC125,Bàn phím cơ Filco Majestouch Convertible 2 Brown switch 87 Black - FKBC87M/EB2,Yes,No,No,No,No,No,No,No,No,No,No,No,No,No,No,No,No,No,No,Yes,No,No,No,No,No,No,No,No,No,No,No,No,No,No,No,No,No,No,No,No,No,No,No,No,No,No,No,No,No,No,No,No,No,No,No,No,No,No,No,No,Yes,Yes,No,Yes,No,No,Yes,No,No,Yes,No,No,Yes,No,No,Yes,No,No,No,Yes,Yes,Yes,No,No,No,Yes,No
KBFU036,Bàn phím gaming Fuhlen M87S RGB Mechanical Blue Switch 87 Black ,Yes,No,No,No,No,No,No,No,No,No,No,No,No,No,No,No,No,No,No,No,Yes,No,No,No,No,No,No,No,No,No,No,No,No,No,No,No,No,No,No,No,No,No,No,No,No,No,No,No,No,No,No,No,No,No,No,No,No,No,Yes,No,No,Yes,No,No,Yes,No,No,No,No,Yes,No,No,Yes,No,No,No,No,No,No,Yes,Yes,No,No,No,No,No,No
KBCS046,Bàn phím cơ Corsair K68 RGB - Cherry MX Red (CH-9102010-NA),No,No,No,No,No,No,No,No,No,No,No,Yes,No,No,No,No,No,No,No,No,No,No,No,No,No,No,No,No,No,No,No,No,No,No,No,No,No,No,No,No,No,No,No,No,No,No,No,No,No,No,No,No,No,No,No,No,Yes,No,Yes,No,No,Yes,No,No,No,Yes,No,No,Yes,No,No,No,Yes,No,No,Yes,No,No,No,Yes,Yes,Yes,No,No,Yes,No,No
KBCS050,Bàn phím cơ Corsair K70 RGB MK2 Mechanical Cherry MX Brown,Yes,No,No,No,No,No,No,No,No,No,No,Yes,No,No,No,No,No,No,No,No,No,No,No,No,No,No,No,No,No,No,No,No,No,No,No,No,No,No,No,No,No,No,No,No,No,No,No,No,No,No,No,No,No,No,No,No,Yes,No,Yes,No,No,Yes,No,No,No,No,Yes,No,Yes,No,No,No,Yes,No,No,Yes,No,No,No,Yes,Yes,Yes,No,No,Yes,No,No
KBCS055,Bàn phím cơ Corsair K70 MK2 Low Profile Cherry Red Switch,Yes,No,No,No,No,No,No,No,No,No,No,Yes,No,No,No,No,No,No,No,No,No,No,No,No,No,No,No,No,No,No,No,No,No,No,No,No,No,No,No,No,No,No,No,No,No,No,No,No,No,No,No,No,No,No,No,No,No,No,Yes,No,No,Yes,No,No,No,Yes,No,No,Yes,No,No,No,Yes,No,No,Yes,No,No,No,Yes,Yes,Yes,No,No,Yes,No,No
KBNM059,Bàn phím gaming Newmen GM368 Mechanical Single Led USB Black,No,No,No,No,No,No,No,No,No,No,No,No,No,No,No,No,No,No,No,No,No,No,No,No,No,No,No,No,No,No,No,No,No,No,No,No,No,No,No,No,No,Yes,No,No,No,No,No,No,No,No,No,No,No,No,Yes,No,No,No,No,Yes,No,Yes,No,No,No,No,No,Yes,Yes,No,No,No,Yes,No,No,No,No,No,No,Yes,Yes,No,No,No,No,No,No
KBLP169,Bàn phím cơ Leopold FC210TP Black Numpad Cherry Red Switch,Yes,No,No,No,No,No,No,No,No,No,No,No,No,No,No,No,No,No,No,No,No,No,No,No,No,No,No,No,No,No,No,No,Yes,No,No,No,No,No,No,No,No,No,No,No,No,No,No,No,No,No,No,No,No,No,No,Yes,No,No,No,No,Yes,Yes,No,No,No,Yes,No,No,No,No,No,Yes,Yes,No,No,No,Yes,No,No,Yes,Yes,No,No,No,No,No,No
KBDK183,Bàn phím cơ Ducky One 2 TKL RGB Cherry Brown switch,Yes,No,No,No,No,No,No,No,No,No,No,No,No,No,No,Yes,No,No,No,No,No,No,No,No,No,No,No,No,No,No,No,No,No,No,No,No,No,No,No,No,No,No,No,No,No,No,No,No,No,No,No,No,No,No,No,No,Yes,No,Yes,No,No,Yes,No,No,No,No,Yes,No,No,Yes,No,No,Yes,No,No,No,Yes,No,No,Yes,Yes,No,No,No,No,No,No
KBLP137,Bàn phím cơ Leopold FC900R PD Dark Gray / Yellow Font PBT Doubleshot Cherry Blue switch ,Yes,No,No,No,No,No,No,No,No,No,No,No,No,No,No,No,No,No,No,No,No,No,No,No,No,No,No,No,No,No,No,No,Yes,No,No,No,No,No,No,No,No,No,No,No,No,No,No,No,No,No,No,No,No,No,No,No,No,No,No,No,Yes,Yes,No,No,Yes,No,No,No,Yes,No,No,No,No,No,Yes,No,Yes,No,No,Yes,Yes,No,No,No,No,No,No
KBED019,Bàn phím cơ quang E-Dra EK308 RGB (USB/Optical Switch/Đen),Yes,No,No,No,No,No,No,No,No,No,No,No,No,No,No,No,No,No,Yes,No,No,No,No,No,No,No,No,No,No,No,No,No,No,No,No,No,No,No,No,No,No,No,No,No,No,No,No,No,No,No,No,No,No,No,Yes,No,No,No,Yes,No,No,Yes,No,No,No,No,No,Yes,Yes,No,No,No,Yes,No,No,No,No,No,No,Yes,Yes,No,No,No,No,No,No
KBSS036,Bàn phím cơ SteelSeries APEX 5 RGB Hybrid switch Mechanical Gaming Black,Yes,No,No,No,No,No,No,No,No,No,No,No,No,No,No,No,No,No,No,No,No,No,No,No,No,No,No,No,No,No,No,No,No,No,No,No,No,No,No,No,No,No,No,No,No,No,No,Yes,No,No,No,No,No,No,No,No,Yes,No,Yes,No,No,Yes,No,No,No,No,No,Yes,Yes,No,No,No,Yes,No,No,Yes,No,No,No,Yes,Yes,No,No,No,No,No,No
KBAK016,Bàn phím cơ AKKO 3108S RGB PRO Black Cherry MX Red Switch,Yes,No,No,No,No,No,Yes,No,No,No,No,No,No,No,No,No,No,No,No,No,No,No,No,No,No,No,No,No,No,No,No,No,No,No,No,No,No,No,No,No,No,No,No,No,No,No,No,No,No,No,No,No,No,No,No,No,Yes,No,Yes,No,No,Yes,No,No,No,Yes,No,No,Yes,No,No,No,Yes,No,No,No,Yes,No,No,Yes,Yes,No,No,No,No,No,No
KBLO097,Bàn phím cơ Logitech G512 Lightsync RGB GX Clicky Blue switch,Yes,No,No,No,No,No,No,No,No,No,No,No,No,No,No,No,No,No,No,No,No,No,No,No,No,No,No,No,No,No,No,No,No,Yes,No,No,No,No,No,No,No,No,No,No,No,No,No,No,No,No,No,No,No,No,No,No,No,No,Yes,No,No,Yes,No,No,Yes,No,No,Yes,Yes,No,No,No,Yes,No,No,Yes,No,No,No,Yes,Yes,No,No,No,No,No,No
KBAK093,Bàn phím AKKO 3087 Dragon Ball Z Goku (Akko Switch Pink),Yes,No,No,No,No,No,Yes,No,No,No,No,No,No,No,No,No,No,No,No,No,No,No,No,No,No,No,No,No,No,No,No,No,No,No,No,No,No,No,No,No,No,No,No,No,No,No,No,No,No,No,No,No,No,No,No,Yes,No,No,No,No,Yes,No,No,No,No,Yes,No,Yes,No,Yes,No,No,No,No,Yes,No,Yes,No,No,Yes,Yes,No,No,No,No,No,No
KBEB032,Bàn phím gaming Eblue EKM045BK USB Black,No,Yes,No,No,No,No,No,No,No,No,No,No,No,No,No,No,No,Yes,No,No,No,No,No,No,No,No,No,No,No,No,No,No,No,No,No,No,No,No,No,No,No,No,No,No,No,No,No,No,No,No,No,No,No,Yes,No,No,No,No,No,No,Yes,Yes,No,No,No,No,No,No,Yes,No,No,No,Yes,No,No,No,No,No,Yes,Yes,Yes,No,No,No,No,No,No
KBLP044,Bàn phím cơ Leopold FC750R PD TKL PBT Doubleshot Brown switch Black ,No,No,No,No,No,No,No,No,No,No,No,No,No,No,No,No,No,No,No,No,No,No,No,No,No,No,No,No,No,No,No,No,Yes,No,No,No,No,No,No,No,No,No,No,No,No,No,No,No,No,No,No,No,No,No,No,No,No,No,No,No,Yes,Yes,No,No,No,No,Yes,No,No,Yes,No,No,Yes,No,No,No,Yes,No,Yes,Yes,Yes,Yes,No,No,No,Yes,No
KBDK161,Bàn phím cơ Ducky One Horizon Fullsize Red Switch,Yes,No,No,No,No,No,No,No,No,No,No,No,No,No,No,Yes,No,No,No,No,No,No,No,No,No,No,No,No,No,No,No,No,No,No,No,No,No,No,No,No,No,No,No,No,No,No,No,No,No,No,No,No,No,No,No,No,Yes,No,No,No,Yes,Yes,No,No,No,Yes,No,No,Yes,No,No,No,No,No,Yes,No,Yes,No,Yes,Yes,Yes,Yes,No,No,Yes,No,No
KBDG031,Bàn phím cơ Durgod Taurus K310 Corona Obsidian Black Mechanical Cherry Blue Switch US,Yes,No,No,No,No,No,No,No,No,No,No,No,No,No,No,No,Yes,No,No,No,No,No,No,No,No,No,No,No,No,No,No,No,No,No,No,No,No,No,No,No,No,No,No,No,No,No,No,No,No,No,No,No,No,No,No,No,No,No,No,Yes,No,Yes,No,No,Yes,No,No,No,Yes,No,No,No,Yes,No,No,No,Yes,No,Yes,Yes,Yes,Yes,No,No,Yes,No,No
KBDG057,Bàn phím cơ Durgod V87 Mechanical Cherry Brown Switch Black,No,No,No,No,No,No,No,No,No,No,No,No,No,No,No,No,Yes,No,No,No,No,No,No,No,No,No,No,No,No,No,No,No,No,No,No,No,No,No,No,No,No,No,No,No,No,No,No,No,No,No,No,No,No,No,No,Yes,No,No,No,No,Yes,Yes,No,No,No,No,Yes,No,No,Yes,No,No,Yes,No,No,No,Yes,No,Yes,Yes,Yes,Yes,No,No,No,Yes,No
KBDG076,Bàn phím cơ Durgod V104 Mechanical Cherry Brown Switch Black,Yes,No,No,No,No,No,No,No,No,No,No,No,No,No,No,No,Yes,No,No,No,No,No,No,No,No,No,No,No,No,No,No,No,No,No,No,No,No,No,No,No,No,No,No,No,No,No,No,No,No,No,No,No,No,No,No,Yes,No,No,No,No,Yes,Yes,No,No,No,No,Yes,No,Yes,No,No,No,Yes,No,No,No,Yes,No,No,No,No,No,No,No,No,No,No
KBED048,Bàn phím cơ E-Dra EK3087 (USB/Blue Led/Outemu Red switch),Yes,No,No,No,No,No,No,No,No,No,No,No,No,No,No,No,No,No,Yes,No,No,No,No,No,No,No,No,No,No,No,No,No,No,No,No,No,No,No,No,No,No,No,No,No,No,No,No,No,No,No,No,No,No,Yes,No,No,No,No,No,Yes,No,Yes,No,No,No,No,No,No,No,Yes,No,No,No,No,Yes,Yes,No,No,No,No,No,No,No,No,No,No,No
KBED061,Bàn phím cơ E-Dra EK361W White (Outemu Red switch/ABS/USB/Led RGB/Trắng),Yes,No,No,No,No,No,No,No,No,No,No,No,No,No,No,No,No,No,No,No,No,No,No,No,No,No,No,No,No,No,No,No,No,No,No,No,No,No,No,No,No,No,No,No,No,No,No,No,No,No,No,No,No,No,Yes,No,No,No,Yes,No,No,No,Yes,Yes,No,Yes,No,No,No,No,Yes,No,No,Yes,No,Yes,No,No,No,No,No,No,No,No,No,No,No
KBMM005,Bàn phím cơ Mistel X8 Gloaming (USB/Cherry Blue switch),Yes,No,No,No,No,No,No,No,No,No,No,No,No,No,No,No,No,No,No,No,No,No,No,No,No,No,No,No,No,No,No,No,No,No,No,No,No,Yes,No,No,No,No,No,No,No,No,No,No,No,No,No,No,No,No,No,No,Yes,No,No,No,Yes,No,No,No,Yes,No,No,No,Yes,No,No,No,Yes,No,No,No,Yes,No,No,No,No,No,No,No,No,No,No
KBRZ084,Bàn phím cơ Razer Huntsman Mini Mercury ( Linear Red optical switch) (RZ03-03390400-R3M1) ,Yes,No,No,No,No,No,No,No,No,No,No,No,No,No,No,No,No,No,No,No,No,No,No,No,No,No,No,No,No,No,No,No,No,No,No,No,No,No,No,No,No,No,No,Yes,No,No,No,No,No,No,No,No,No,No,No,No,Yes,No,Yes,No,No,No,No,No,No,Yes,No,Yes,No,No,Yes,No,No,Yes,No,No,Yes,No,No,No,No,No,No,No,No,No,No
KBKE018,Bàn phím cơ Keychron K6 O2 (Gateron Blue switch/nhựa/đơn led),Yes,No,No,No,No,No,No,No,No,No,No,No,No,No,No,No,No,No,No,No,No,No,No,No,No,No,No,No,No,Yes,No,No,No,No,No,No,No,No,No,No,No,No,No,No,No,No,No,No,No,No,No,No,No,No,No,Yes,No,No,No,Yes,No,No,No,Yes,No,No,No,Yes,No,No,Yes,No,Yes,No,No,Yes,No,No,No,No,No,No,No,No,No,No,No
KBDA056,Bàn Phím cơ Dareu EK1280s Pink White (USB/Multi LED/Blue switch),Yes,No,No,No,No,No,No,No,No,No,No,No,Yes,No,No,No,No,No,No,No,No,No,No,No,No,No,No,No,No,No,No,No,No,No,No,No,No,No,No,No,No,No,No,No,No,No,No,No,No,No,No,No,No,No,Yes,No,No,No,No,Yes,No,No,No,No,Yes,No,No,Yes,Yes,No,No,No,No,No,Yes,Yes,No,No,No,No,No,No,No,No,No,No,No
KBDE037,Bàn phím Dell KB216B (USB/Đen),No,No,Yes,No,No,No,No,No,No,No,No,No,No,Yes,No,No,No,No,No,No,No,No,No,No,No,No,No,No,No,No,No,No,No,No,No,No,No,No,No,No,No,No,No,No,No,No,No,No,No,No,No,No,No,Yes,No,No,No,No,No,No,Yes,Yes,No,No,No,No,No,No,No,No,No,No,Yes,No,No,No,No,No,No,No,No,No,No,No,No,No,No
KBAK018,Bàn phím cơ AKKO 3108S RGB PRO Pink Cherry MX Brown Switch,No,No,No,No,No,No,Yes,No,No,No,No,No,No,No,No,No,No,No,No,No,No,No,No,No,No,No,No,No,No,No,No,No,No,No,No,No,No,No,No,No,No,No,No,No,No,No,No,No,No,No,No,No,No,No,No,No,Yes,No,Yes,No,No,Yes,No,No,No,No,Yes,No,Yes,No,No,No,No,No,Yes,No,Yes,No,Yes,No,No,No,No,No,No,No,No
KBED043,Bàn phím cơ E-Dra EK387 Pro PBT Cherry Blue switch Đen Xám,No,No,No,No,No,No,No,No,No,No,No,No,No,No,No,No,No,No,Yes,No,No,No,No,No,No,No,No,No,No,No,No,No,No,No,No,No,No,No,No,No,No,No,No,No,No,No,No,No,No,No,No,No,No,No,No,No,No,No,No,No,Yes,Yes,No,No,Yes,No,No,No,No,Yes,No,No,Yes,No,No,No,Yes,No,Yes,No,No,No,No,No,No,No,No
KBED052,Bàn phím cơ E-Dra EK3104 Pro (Cherry Blue switch/PBT/USB/Đen),No,No,No,No,No,No,No,No,No,No,No,No,No,No,No,No,No,No,No,No,No,No,No,No,No,No,No,No,No,No,No,No,No,No,No,No,No,No,No,No,No,No,No,No,No,No,No,No,No,No,No,No,No,No,No,No,No,No,No,No,Yes,Yes,No,No,Yes,No,No,No,Yes,No,No,No,Yes,No,No,No,Yes,No,Yes,No,No,No,No,No,No,No,No
KBAK095,Bàn phím AKKO 3087 Dragon Ball Z Goku (Cherry Switch Brown),No,No,No,No,No,No,Yes,No,No,No,No,No,No,No,No,No,No,No,No,No,No,No,No,No,No,No,No,No,No,No,No,No,No,No,No,No,No,No,No,No,No,No,No,No,No,No,No,No,No,No,No,No,No,No,No,No,Yes,No,No,No,Yes,No,No,No,No,No,Yes,No,No,Yes,No,No,No,No,Yes,No,Yes,No,Yes,No,No,No,No,No,No,No,No
KBAK103,Bàn phím AKKO 3108 DS Midnight (USB/Akko Switch Blue),No,No,No,No,No,No,Yes,No,No,No,No,No,No,No,No,No,No,No,No,No,No,No,No,No,No,No,No,No,No,No,No,No,No,No,No,No,No,No,No,No,No,No,No,No,No,No,No,No,No,No,No,No,No,No,No,No,No,No,No,No,Yes,No,No,No,Yes,No,No,Yes,Yes,No,No,No,Yes,No,No,No,Yes,No,Yes,No,No,No,No,No,No,No,No
KBKE025,Bàn phím cơ Keychron K8 A3 (Gateron Brown switch/nhựa/đơn led/),No,No,No,No,No,No,No,No,No,No,No,No,No,No,No,No,No,No,No,No,No,No,No,No,No,No,No,No,No,Yes,No,No,No,No,No,No,No,No,No,No,No,No,No,No,No,No,No,No,No,No,No,No,No,No,No,Yes,No,No,No,Yes,No,No,No,Yes,No,No,No,Yes,No,Yes,No,No,Yes,No,No,Yes,No,No,Yes,No,No,No,No,No,No,No,No
KBAK110,Bàn phím cơ AKKO 3087 v2 One Piece - Chopper (USB/AKKO Orange switch),No,No,No,No,No,No,Yes,No,No,No,No,No,No,No,No,No,No,No,No,No,No,No,No,No,No,No,No,No,No,No,No,No,No,No,No,No,No,No,No,No,No,No,No,No,No,No,No,No,No,No,No,No,No,No,No,Yes,No,No,No,No,Yes,No,No,No,No,No,Yes,Yes,No,Yes,No,No,No,No,Yes,No,Yes,No,Yes,No,No,No,No,No,No,No,No
KBAK126,Bàn phím cơ AKKO 3108 v2 One Piece - Chopper (USB/AKKO Pink switch),No,No,No,No,No,No,Yes,No,No,No,No,No,No,No,No,No,No,No,No,No,No,No,No,No,No,No,No,No,No,No,No,No,No,No,No,No,No,No,No,No,No,No,No,No,No,No,No,No,No,No,No,No,No,No,No,No,No,No,No,No,Yes,No,No,No,No,Yes,No,Yes,Yes,No,No,No,No,No,Yes,No,Yes,No,Yes,No,No,No,No,No,No,No,No
KBRZ087,Bàn phím Razer Pokemon Pikachu (USB/RGB/Membrane switch/Limited) (RZ03-02043700-R3D1),No,No,No,No,No,No,No,No,No,No,No,No,No,No,No,No,No,No,No,No,No,No,No,No,No,No,No,No,No,No,No,No,No,No,No,No,No,No,No,No,No,No,No,Yes,No,No,No,No,No,No,No,No,No,No,No,No,Yes,No,No,Yes,No,No,No,No,No,No,No,Yes,Yes,No,No,No,No,No,Yes,Yes,No,No,Yes,No,No,No,No,No,No,No,No
KBAK132,Bàn phím AKKO 3108 Dragon Ball Z - Frieza (Akko Pink sw),Yes,No,No,No,No,No,Yes,No,No,No,No,No,No,No,No,No,No,No,No,No,No,No,No,No,No,No,No,No,No,No,No,No,No,No,No,No,No,No,No,No,No,No,No,No,No,No,No,No,No,No,No,No,No,No,No,Yes,No,No,No,No,Yes,No,No,No,No,Yes,No,Yes,Yes,No,No,No,No,Yes,Yes,No,Yes,No,Yes,No,No,No,No,No,No,No,No
KBFU004,Bàn phím Fuhlen L411 USB Black,No,Yes,No,No,No,No,No,No,No,No,No,No,No,No,No,No,No,No,No,No,Yes,No,No,No,No,No,No,No,No,No,No,No,No,No,No,No,No,No,No,No,No,No,No,No,No,No,No,No,No,No,No,No,No,Yes,No,No,No,No,No,No,Yes,Yes,No,No,No,No,No,No,Yes,No,No,No,Yes,No,No,Yes,No,No,Yes,No,No,No,No,No,No,No,No
KBLO062,Bàn phím Logitech K480 Bluetooth,No,No,Yes,No,No,No,No,No,No,No,No,No,No,No,No,No,No,No,No,No,No,No,No,No,No,No,No,No,No,No,No,No,No,Yes,No,No,No,No,No,No,No,No,No,No,No,No,No,No,No,No,No,No,No,No,No,No,No,No,No,No,Yes,No,No,Yes,No,No,No,No,No,No,Yes,No,Yes,No,No,No,No,No,Yes,No,No,No,No,No,No,No,Yes
KBFU038,Bàn phím gaming Fuhlen D Destroyer Mechanical Blue Switch Black,Yes,No,No,No,No,No,No,No,No,No,No,No,No,No,No,No,No,No,No,No,Yes,No,No,No,No,No,No,No,No,No,No,No,No,No,No,No,No,No,No,No,No,No,No,No,No,No,No,No,No,No,No,No,No,No,Yes,No,No,No,Yes,No,No,Yes,No,No,Yes,No,No,No,Yes,No,No,No,Yes,No,No,No,No,No,Yes,No,No,No,No,No,No,No,No
KBGI029,Bàn phím cơ GIGABYTE AORUS K7 RGB - Cherry Red Switch,No,No,No,No,No,No,No,No,No,No,No,No,No,No,No,No,No,No,No,No,No,No,No,Yes,No,No,No,No,No,No,No,No,No,No,No,No,No,No,No,No,No,No,No,No,No,No,No,No,No,No,No,No,No,No,No,No,Yes,No,Yes,No,No,Yes,No,No,No,Yes,No,No,Yes,No,No,No,Yes,No,No,No,No,No,Yes,No,No,No,No,No,No,No,No
KBCS052,Bàn phím cơ Corsair K70 RGB MK2 Mechanical Cherry MX Red,No,No,No,No,No,No,No,No,No,No,No,Yes,No,No,No,No,No,No,No,No,No,No,No,No,No,No,No,No,No,No,No,No,No,No,No,No,No,No,No,No,No,No,No,No,No,No,No,No,No,No,No,No,No,No,No,No,Yes,No,Yes,No,No,Yes,No,No,No,Yes,No,No,Yes,No,No,No,Yes,No,No,Yes,No,No,Yes,No,No,Yes,No,No,Yes,No,No
KBNM006,Bàn phím gaming Newmen E335P - USB,No,No,Yes,No,No,No,No,No,No,No,No,No,No,No,No,No,No,No,No,No,No,No,No,No,No,No,No,No,No,No,No,No,No,No,No,No,No,No,No,No,No,Yes,No,No,No,No,No,No,No,No,No,No,No,Yes,No,No,No,No,No,No,Yes,Yes,No,No,No,No,No,No,Yes,No,No,No,Yes,No,No,No,No,No,Yes,No,No,No,No,No,No,No,No
KBDA030,Bàn phím cơ Dareu EK815 Mechanical Brown Switch Black,No,No,No,No,No,No,No,No,No,No,No,No,Yes,No,No,No,No,No,No,No,No,No,No,No,No,No,No,No,No,No,No,No,No,No,No,No,No,No,No,No,No,No,No,No,No,No,No,No,No,No,No,No,No,No,Yes,No,No,No,Yes,No,No,Yes,No,No,No,No,Yes,No,Yes,No,No,No,Yes,No,No,No,No,No,Yes,No,No,No,No,No,No,No,No
KBED024,Bàn phím cơ E-Dra EK387 Mechanical Gaming Outemu Brown switch White Case Blue Led USB,No,No,No,No,No,No,No,No,No,No,No,No,No,No,No,No,No,No,Yes,No,No,No,No,No,No,No,No,No,No,No,No,No,No,No,No,No,No,No,No,No,No,No,No,No,No,No,No,No,No,No,No,No,No,No,Yes,No,No,No,No,Yes,No,Yes,No,No,No,No,Yes,No,No,Yes,No,No,No,Yes,No,No,No,No,Yes,No,No,No,No,No,No,No,No
KBVM036,Bàn phím cơ Varmilo VA108M Sakura - Mechanical Cherry Brown Switch,No,No,No,No,No,No,No,No,No,No,No,No,No,No,No,No,No,No,No,No,No,No,No,No,No,No,No,No,No,No,No,No,No,No,No,No,No,No,No,No,No,No,No,No,No,No,No,No,No,No,Yes,No,No,No,No,No,Yes,No,No,No,Yes,Yes,No,No,No,No,Yes,No,Yes,No,No,No,No,No,Yes,No,Yes,No,Yes,No,No,No,No,No,No,No,No
KBAK090,Bàn phím AKKO ACG84 Dragon Ball Super Goku - Cherry Switch Red,No,No,No,No,No,No,Yes,No,No,No,No,No,No,No,No,No,No,No,No,No,No,No,No,No,No,No,No,No,No,No,No,No,No,No,No,No,No,No,No,No,No,No,No,No,No,No,No,No,No,No,No,No,No,No,No,No,Yes,No,No,No,Yes,Yes,No,No,No,Yes,No,No,No,Yes,No,No,No,No,No,No,Yes,No,Yes,No,No,No,No,No,No,Yes,No
KBRZ088,Bàn phím Không dây Razer BlackWidow V3 Pro (USB Wireless/Green switch/Bluetooth) (RZ03-03530100-R3M1),Yes,No,No,No,No,No,No,No,No,No,No,No,No,No,No,No,No,No,No,No,No,No,No,No,No,No,No,No,No,No,No,No,No,No,No,No,No,No,No,No,No,No,No,Yes,No,No,No,No,No,No,No,No,No,No,No,No,No,Yes,Yes,No,No,No,Yes,Yes,No,No,No,Yes,Yes,No,No,No,Yes,No,No,Yes,No,No,Yes,No,No,No,Yes,No,Yes,No,No
KBFU053,Bàn phím gaming Fuhlen M87S RGB Mechanical Red Switch 87 Black,No,No,No,No,No,No,No,No,No,No,No,No,No,No,No,No,No,No,No,No,Yes,No,No,No,No,No,No,No,No,No,No,No,No,No,No,No,No,No,No,No,No,No,No,No,No,No,No,No,No,No,No,No,No,No,No,No,No,No,Yes,No,No,Yes,No,No,No,Yes,No,No,No,Yes,No,No,Yes,No,No,No,No,No,Yes,No,No,No,No,No,No,No,No
KBLP155,Bàn phím cơ Leopold FC750R White Pink OE Cherry Red Switch,Yes,No,No,No,No,No,No,No,No,No,No,No,No,No,No,No,No,No,No,No,No,No,No,No,No,No,No,No,No,No,No,No,Yes,No,No,No,No,No,No,No,No,No,No,No,No,No,No,No,No,No,No,No,No,No,No,No,Yes,No,No,No,Yes,Yes,No,No,No,Yes,No,No,No,Yes,No,No,No,Yes,No,No,Yes,No,Yes,No,No,No,No,No,No,No,No
KBDG069,Bàn phím cơ Durgod Taurus K320 Corona Obsidian Black - Mechanical PBT Cherry Blue switch White Led,No,No,No,No,No,No,No,No,No,No,No,No,No,No,No,No,Yes,No,No,No,No,No,No,No,No,No,No,No,No,No,No,No,No,No,No,No,No,No,No,No,No,No,No,No,No,No,No,No,No,No,No,No,No,No,No,Yes,No,No,No,Yes,No,Yes,No,No,Yes,No,No,No,No,Yes,No,No,Yes,No,No,No,Yes,No,Yes,No,No,No,No,No,No,No,No
KBVM010,Bàn phím cơ Varmilo VA87M Sea Melody  - Mechanical Cherry Red switch,No,No,No,No,No,No,No,No,No,No,No,No,No,No,No,No,No,No,No,No,No,No,No,No,No,No,No,No,No,No,No,No,No,No,No,No,No,No,No,No,No,No,No,No,No,No,No,No,No,No,Yes,No,No,No,No,No,Yes,No,No,No,Yes,Yes,No,No,No,Yes,No,No,No,Yes,No,No,No,No,Yes,No,Yes,No,Yes,No,No,No,No,No,No,No,No
KBIK041,Bàn phím IKBC CD87 PD (TKL/PBT Doubleshot/Cherry Brown switch),No,No,No,No,No,No,No,No,No,No,No,No,No,No,No,No,No,No,No,No,No,No,No,No,No,No,Yes,No,No,No,No,No,No,No,No,No,No,No,No,No,No,No,No,No,No,No,No,No,No,No,No,No,No,No,No,Yes,No,No,No,No,Yes,Yes,No,No,No,No,Yes,No,No,Yes,No,No,Yes,No,No,No,Yes,No,Yes,No,No,No,No,No,No,No,No
KBAK003,Bàn phím cơ AKKO 3084 World Tour Tokyo Pink Switch,Yes,No,No,No,No,No,Yes,No,No,No,No,No,No,No,No,No,No,No,No,No,No,No,No,No,No,No,No,No,No,No,No,No,No,No,No,No,No,No,No,No,No,No,No,No,No,No,No,No,No,No,No,No,No,No,No,Yes,No,No,No,No,Yes,Yes,No,No,No,No,No,Yes,No,No,Yes,No,No,No,Yes,No,Yes,No,Yes,No,No,No,No,No,No,No,No
KBAK019,Bàn phím cơ AKKO 3108S RGB PRO Pink Cherry MX Red Switch,Yes,No,No,No,No,No,Yes,No,No,No,No,No,No,No,No,No,No,No,No,No,No,No,No,No,No,No,No,No,No,No,No,No,No,No,No,No,No,No,No,No,No,No,No,No,No,No,No,No,No,No,No,No,No,No,No,No,No,No,Yes,No,No,Yes,No,No,No,Yes,No,No,Yes,No,No,No,No,No,Yes,No,Yes,No,Yes,No,No,No,No,No,No,No,No
KBED044,Bàn phím cơ E-Dra EK387 Pro PBT Cherry Brown switch Đen Xám,Yes,No,No,No,No,No,No,No,No,No,No,No,No,No,No,No,No,No,Yes,No,No,No,No,No,No,No,No,No,No,No,No,No,No,No,No,No,No,No,No,No,No,No,No,No,No,No,No,No,No,No,No,No,No,No,No,Yes,No,No,No,No,Yes,Yes,No,No,No,No,Yes,No,No,Yes,No,No,Yes,No,No,No,Yes,No,Yes,No,No,No,No,No,No,No,No
