Code,Name,adata,apacer,avexir,corsair,crucial,gigabyte,hp,intel,kingfast,kingmax,kingston,plextor,pny,samsung,seagate,siliconpower,team,westerndigital,duoi-1trieu,1trieu-2trieu,2trieu-3trieu,3trieu-4trieu,tren-4trieu,16-gb,32-gb,120-gb,128-gb,240-gb,250-gb,256-gb,480-gb,500-gb-1,512-gb,960-gb,1-tb-1,1-tb-1-1,25-sata,m2-sata,m2-nvme
HDSA089,Ổ cứng SSD Samsung 860 EVO 250GB 2.5 inch SATA3 (Đọc 550MB/s - Ghi 520MB/s),No,No,No,No,No,No,No,No,No,No,No,No,No,Yes,No,No,No,No,No,Yes,No,No,No,No,No,No,No,No,Yes,No,No,No,No,No,No,No,Yes,No,No
HDPT049,Ổ cứng SSD Plextor PX 256M8VC 256GB 2.5 inch SATA3 (Đọc 560MB/s - Ghi 510MB/s),No,No,No,No,No,No,No,No,No,No,No,Yes,No,No,No,No,No,No,Yes,No,No,No,No,No,No,No,No,No,No,Yes,No,No,No,No,No,No,Yes,No,No
HDSA091,Ổ cứng SSD Samsung 860 EVO 1TB 2.5 inch SATA3 (Đọc 550MB/s - Ghi 520MB/s),No,No,No,No,No,No,No,No,No,No,No,No,No,Yes,No,No,No,No,No,No,No,No,Yes,No,No,No,No,No,No,No,No,No,No,No,Yes,No,Yes,No,No
HDKT060,Ổ cứng SSD Kingston A2000M8 500GB M.2 2280 PCIe NVMe Gen 3x4 (Đọc 2200MB/s - Ghi 1500MB/s) - (SA2000M8/500G),No,No,No,No,No,No,No,No,No,No,Yes,No,No,No,No,No,No,No,No,Yes,No,No,No,No,No,No,No,No,No,No,No,Yes,No,No,No,No,No,No,Yes
HDKT074,Ổ cứng SSD Kingston A400 480GB M.2 2280 (Đọc 500MB/s - Ghi 450MB/s) - (SA400M8/480G),No,No,No,No,No,No,No,No,No,No,Yes,No,No,No,No,No,No,No,No,Yes,No,No,No,No,No,No,No,No,No,No,Yes,No,No,No,No,No,No,Yes,No
HDKT067,Ổ cứng SSD Kingston KC600 256GB 2.5 inch SATA3 (Đọc 550MB/s - Ghi 500MB/s) - (KC600/256GB) ,No,No,No,No,No,No,No,No,No,No,Yes,No,No,No,No,No,No,No,No,Yes,No,No,No,No,No,No,No,No,No,Yes,No,No,No,No,No,No,Yes,No,No
HDKT039,Ổ cứng SSD Kingston A400 120GB 2.5 inch SATA3 (Đọc 500MB/s - Ghi 320MB/s) - (SA400S37/120G),No,No,No,No,No,No,No,No,No,No,Yes,No,No,No,No,No,No,No,Yes,No,No,No,No,No,No,Yes,No,No,No,No,No,No,No,No,No,No,Yes,No,No
HDSA095,Ổ cứng SSD Samsung 860 EVO 250GB M.2 2280 (Đọc 540MB/s - Ghi 520MB/s),No,No,No,No,No,No,No,No,No,No,No,No,No,Yes,No,No,No,No,No,Yes,No,No,No,No,No,No,No,No,Yes,No,No,No,No,No,No,No,No,Yes,No
HDKF008,Ổ cứng SSD KINGFAST F6M.2 128GB M.2 2280 (Đọc 550MB/s - Ghi 450MB/s),No,No,No,No,No,No,No,No,Yes,No,No,No,No,No,No,No,No,No,Yes,No,No,No,No,No,No,No,Yes,No,No,No,No,No,No,No,No,No,No,Yes,No
HDKT061,Ổ cứng SD Kingston A2000M8 1TB M.2 2280 PCIe NVMe Gen 3x4 (Đọc 2200MB/s - Ghi 1900MB/s) - (SA2000M8/1000G),No,No,No,No,No,No,No,No,No,No,Yes,No,No,No,No,No,No,No,No,No,No,Yes,No,No,No,No,No,No,No,No,No,No,No,No,Yes,No,No,No,Yes
HDAP006,Ổ cứng SSD Apacer AS340 120GB SATA3 2.5 inch (Đọc 550Mb/s - Ghi 500Mb/s) - (AP120GAS340G-1),No,Yes,No,No,No,No,No,No,No,No,No,No,No,No,No,No,No,No,Yes,No,No,No,No,No,No,Yes,No,No,No,No,No,No,No,No,No,No,Yes,No,No
HDKM021,Ổ cứng SSD Kingmax Zeus PQ3480 128GB M.2 2280 PCIe NVMe Gen 3x4 (Đọc 1800MB/s - Ghi 550MB/s) - (KMAXPQ3480128G),No,No,No,No,No,No,No,No,No,Yes,No,No,No,No,No,No,No,No,Yes,No,No,No,No,No,No,No,Yes,No,No,No,No,No,No,No,No,No,No,No,Yes
HDKT063,"SSD Kingston SKC2000 250GB NVMe M.2 2280 PCIe Gen 3 x 4 (Doc 3000MB/s, Ghi 1100MB/s) -KC2000M8/250G",No,No,No,No,No,No,No,No,No,No,Yes,No,No,No,No,No,No,No,No,Yes,No,No,No,No,No,No,No,No,Yes,No,No,No,No,No,No,No,No,No,Yes
HDKT040,Ổ cứng SSD Kingston A400 240GB 2.5 inch SATA3 (Đọc 500MB/s - Ghi 450MB/s) - (SA400S37/240G),No,No,No,No,No,No,No,No,No,No,Yes,No,No,No,No,No,No,No,Yes,No,No,No,No,No,No,No,No,Yes,No,No,No,No,No,No,No,No,Yes,No,No
HDSA096,Ổ cứng SSD Samsung 860 EVO 500GB M.2 2280 (Đọc 540MB/s - Ghi 520MB/s),No,No,No,No,No,No,No,No,No,No,No,No,No,Yes,No,No,No,No,No,No,Yes,No,No,No,No,No,No,No,No,No,No,Yes,No,No,No,No,No,Yes,No
HDPT047,Ổ cứng SSD Plextor PX G512M9PeY 512GB M.2 2280 PCIe NVMe Gen 3x4 (Đọc 3200MB/s - Ghi 2000MB/s),No,No,No,No,No,No,No,No,No,No,No,Yes,No,No,No,No,No,No,No,No,Yes,No,No,No,No,No,No,No,No,No,No,No,Yes,No,No,No,No,No,Yes
HDKF009,Ổ cứng SSD KINGFAST F8N 256GB M.2 2280 PCIe NVMe Gen 3x4 (Đọc 1700MB/s - Ghi 800MB/s) - (F8N-256GB),No,No,No,No,No,No,No,No,Yes,No,No,No,No,No,No,No,No,No,No,Yes,No,No,No,No,No,No,No,No,No,Yes,No,No,No,No,No,No,No,No,Yes
HDWD329,Ổ cứng SSD WD SN550 Blue 250GB M.2 2280 PCIe NVMe 3x4 (Đọc 2400MB/s - Ghi 950MB/s) - (WDS250G2B0C),No,No,No,No,No,No,No,No,No,No,No,No,No,No,No,No,No,Yes,No,Yes,No,No,No,No,No,No,No,No,Yes,No,No,No,No,No,No,No,No,No,Yes
HDKM022,Ổ cứng SSD Kingmax Zeus PQ3480 256GB M.2 2280 PCIe NVMe Gen 3x4 (Đọc 1950MB/s - Ghi 1200MB/s) - (KMAXPQ3480256G),No,No,No,No,No,No,No,No,No,Yes,No,No,No,No,No,No,No,No,No,Yes,No,No,No,No,No,No,No,No,No,Yes,No,No,No,No,No,No,No,No,Yes
HDPT048,Ổ cứng SSD Plextor PX 1TM9PeY 1TB M.2 2280 PCIe NVMe Gen 3x4 (Đọc 3200MB/s - Ghi 2100MB/s),No,No,No,No,No,No,No,No,No,No,No,Yes,No,No,No,No,No,No,No,No,No,No,Yes,No,No,No,No,No,No,No,No,No,No,No,Yes,No,No,No,Yes
HDWD276,Ổ cứng SSD WD SN750 Black 500GB M.2 2280 PCIe NVMe 3x4 (Đọc 3430MB/s - Ghi 2600MB/s) - (WDS500G3X0C),No,No,No,No,No,No,No,No,No,No,No,No,No,No,No,No,No,Yes,No,No,Yes,No,No,No,No,No,No,No,No,No,No,Yes,No,No,No,No,No,No,Yes
HDKF010,Ổ cứng SSD KINGFAST F8N 512GB M.2 2280 PCIe NVMe Gen 3x4 (Đọc 1850MB/s - Ghi 1600MB/s) - (F8N-512B),No,No,No,No,No,No,No,No,Yes,No,No,No,No,No,No,No,No,No,No,Yes,No,No,No,No,No,No,No,No,No,No,No,No,Yes,No,No,No,No,No,Yes
HDWD330,Ổ cứng SSD WD SN550 Blue 500GB M.2 2280 PCIe NVMe 3x4 (Đọc 2400MB/s - Ghi 1750MB/s) - (WDS500G2B0C),No,No,No,No,No,No,No,No,No,No,No,No,No,No,No,No,No,Yes,No,Yes,No,No,No,No,No,No,No,No,No,No,No,Yes,No,No,No,No,No,No,Yes
HDKM023,Ổ cứng SSD Kingmax Zeus PQ3480 512GB M.2 2280 PCIe NVMe Gen 3x4 (Đọc 1950MB/s - Ghi 1550MB/s) - (KMPQ3480512G4),No,No,No,No,No,No,No,No,No,Yes,No,No,No,No,No,No,No,No,No,Yes,No,No,No,No,No,No,No,No,No,No,No,No,Yes,No,No,No,No,No,Yes
HDKT068,Ổ cứng SSD Kingston KC600 512GB 2.5 inch SATA3 (Đọc 550MB/s - Ghi 520MB/s) - (KC600/512GB) ,No,No,No,No,No,No,No,No,No,No,Yes,No,No,No,No,No,No,No,No,Yes,No,No,No,No,No,No,No,No,No,No,No,No,Yes,No,No,No,Yes,No,No
HDPN023,Ổ cứng SSD PNY CS2060 256GB M.2 2280 NVMe PCIe Gen 3x2 (Đọc 1500MB/s - Ghi 720MB/s),No,No,No,No,No,No,No,No,No,No,No,No,Yes,No,No,No,No,No,Yes,No,No,No,No,No,No,No,No,No,No,Yes,No,No,No,No,No,No,No,No,Yes
HDAD117,Ổ cứng SSD Adata SX6000NP Lite 128GB M.2 2280 PCIe NVMe Gen 3x4 (Đọc 1800MB/s - Ghi 600MB/s),Yes,No,No,No,No,No,No,No,No,No,No,No,No,No,No,No,No,No,Yes,No,No,No,No,No,No,No,Yes,No,No,No,No,No,No,No,No,No,No,No,Yes
HDSE208,"Ổ cứng SSD Seagate BarraCuda 120 250GB 2.5 inch SATA 6Gb/s (Đọc 560MB/s, Ghi 540MB/s) - (ZA250CM1A003)",No,No,No,No,No,No,No,No,No,No,No,No,No,No,Yes,No,No,No,No,Yes,No,No,No,No,No,No,No,No,Yes,No,No,No,No,No,No,No,Yes,No,No
HDKM024,Ổ cứng SSD Kingmax Zeus PQ3480 1TB M.2 2280 PCIe NVMe Gen 3x4 (Đọc 1950MB/s - Ghi 1800MB/s) - (KMAXPQ34801TB),No,No,No,No,No,No,No,No,No,Yes,No,No,No,No,No,No,No,No,No,No,No,Yes,No,No,No,No,No,No,No,No,No,No,No,No,Yes,No,No,No,Yes
HDSP011,Ổ cứng SSD SILICON POWER S56 960GB SATA3 6Gb/s 2.5 inch ,No,No,No,No,No,No,No,No,No,No,No,No,No,No,No,Yes,No,No,No,No,No,No,Yes,No,No,No,No,No,No,No,No,No,No,Yes,No,No,Yes,No,No
HDAD115,Ổ cứng SSD Adata ASX6000LNP 256GB M.2 2280 PCIe NVMe Gen 3x4 (Đọc 1800MB/s - Ghi 900MB/s),Yes,No,No,No,No,No,No,No,No,No,No,No,No,No,No,No,No,No,No,Yes,No,No,No,No,No,No,No,No,No,Yes,No,No,No,No,No,No,No,No,Yes
HDSA098,Ổ cứng SSD Samsung 860 PRO 256GB 2.5 inch SATA3 (Đọc 560MB/s - Ghi 530MB/s),No,No,No,No,No,No,No,No,No,No,No,No,No,Yes,No,No,No,No,No,No,Yes,No,No,No,No,No,No,No,No,Yes,No,No,No,No,No,No,Yes,No,No
HDWD252,Ổ cứng SSD WD Green 120GB M.2 2280 (Đọc 545MB/s - Ghi 430MB/s) - (WDS120G2G0B),No,No,No,No,No,No,No,No,No,No,No,No,No,No,No,No,No,Yes,Yes,No,No,No,No,No,No,Yes,No,No,No,No,No,No,No,No,No,No,No,Yes,No
HDSA115,Ổ cứng SSD Samsung 970 EVO Plus 250GB M.2 PCIe NVMe 3x4 (Đọc 3500MB/s - Ghi 2300MB/s) - (MZ-V7S250BW),No,No,No,No,No,No,No,No,No,No,No,No,No,Yes,No,No,No,No,No,No,Yes,No,No,No,No,No,No,No,Yes,No,No,No,No,No,No,No,No,No,Yes
HDAD118,Ổ cứng SSD Adata SX6000NP Lite 256GB M.2 2280 PCIe NVMe Gen 3x4 (Đọc 1800MB/s - Ghi 900MB/s),Yes,No,No,No,No,No,No,No,No,No,No,No,No,No,No,No,No,No,No,Yes,No,No,No,No,No,No,No,No,No,Yes,No,No,No,No,No,No,No,No,Yes
HDSE209,"Ổ cứng SSD Seagate BarraCuda 120 500GB 2.5 inch SATA 6Gb/s (Đọc 560MB/s, Ghi 540MB/s) - (ZA500CM1A003)",No,No,No,No,No,No,No,No,No,No,No,No,No,No,Yes,No,No,No,No,Yes,No,No,No,No,No,No,No,No,No,No,No,Yes,No,No,No,No,Yes,No,No
HDKM025,Ổ cứng SSD Kingmax Zeus PX4480 500GB M.2 2280 PCIe NVMe Gen 4x4 (Đọc 5000MB/s - Ghi 2500MB/s) - (KM500GPX4480),No,No,No,No,No,No,No,No,No,Yes,No,No,No,No,No,No,No,No,No,No,No,Yes,No,No,No,No,No,No,No,No,No,No,Yes,No,No,No,No,No,Yes
HDKT069,Ổ cứng SSD Kingston KC600 1024GB 2.5 inch SATA3 (Đọc 550MB/s - Ghi 520MB/s) - (KC600/1024GB) ,No,No,No,No,No,No,No,No,No,No,Yes,No,No,No,No,No,No,No,No,No,No,Yes,No,No,No,No,No,No,No,No,No,No,No,No,Yes,No,Yes,No,No
HDAD110,Ổ cứng SSD Adata GAMMIX S11 Pro 256GB M.2 2280 PCIe NVMe Gen 3x4 (Đọc 3500MB/s - Ghi 3000MB/s),Yes,No,No,No,No,No,No,No,No,No,No,No,No,No,No,No,No,No,No,Yes,No,No,No,No,No,No,No,No,No,Yes,No,No,No,No,No,No,No,No,Yes
HDSP020,"Ổ cứng SSD SILICON POWER V60 120GB SATA3 6Gb/s 2.5 inch (Read 520MB/s, Write 490MB/s)",No,No,No,No,No,No,No,No,No,No,No,No,No,No,No,Yes,No,No,Yes,No,No,No,No,No,No,Yes,No,No,No,No,No,No,No,No,No,No,Yes,No,No
HDKM011,Ổ cứng SSD Kingmax Zeus PX3280 128GB M.2 2280 PCIe NVMe Gen 3x2 (Đọc 1700MB/s - Ghi 480MB/s),No,No,No,No,No,No,No,No,No,Yes,No,No,No,No,No,No,No,No,Yes,No,No,No,No,No,No,No,Yes,No,No,No,No,No,No,No,No,No,No,No,Yes
HDPT051,Ổ cứng SSD Plextor PX 128M8VC 128GB 2.5 inch SATA3 (Đọc 560MB/s - Ghi 400MB/s),No,No,No,No,No,No,No,No,No,No,No,Yes,No,No,No,No,No,No,Yes,No,No,No,No,No,No,No,Yes,No,No,No,No,No,No,No,No,No,Yes,No,No
HDSA117,Ổ cứng SSD Samsung 970 EVO Plus 1TB M.2 2280 PCIe NVMe 3x4 (Đọc 3500MB/s - Ghi 3300MB/s) - (MZ-V7S1T0BW),No,No,No,No,No,No,No,No,No,No,No,No,No,Yes,No,No,No,No,No,No,No,No,Yes,No,No,No,No,No,No,No,No,No,No,No,Yes,No,No,No,Yes
HDWD231,Ổ cứng SSD Western Blue 1TB 2.5 inch SATA3 (Đọc 560MB/s - Ghi 530MB/s) - (WDS100T2B0A),No,No,No,No,No,No,No,No,No,No,No,No,No,No,No,No,No,Yes,No,No,No,Yes,No,No,No,No,No,No,No,No,No,No,No,No,Yes,No,Yes,No,No
HDKM012,Ổ cứng SSD Kingmax Zeus PX3280 256GB M.2 2280 PCIe NVMe Gen 3x2 (Đọc 1700MB/s - Ghi 850MB/s),No,No,No,No,No,No,No,No,No,Yes,No,No,No,No,No,No,No,No,No,Yes,No,No,No,No,No,No,No,No,No,Yes,No,No,No,No,No,No,No,No,Yes
HDSA118,Ổ cứng SSD Samsung 970 EVO Plus 2TB PCIe NVMe 3.0x4 (Đọc 3500MB/s - Ghi 2300MB/s) - (MZ-V7S2T0),No,No,No,No,No,No,No,No,No,No,No,No,No,Yes,No,No,No,No,No,No,No,No,Yes,No,No,No,No,No,No,No,No,No,No,No,No,Yes,No,No,Yes
HDGI007,"Ổ cứng SSD Gigabyte 256GB M.2 2280 PCIe NVMe Gen 3x4 (Đọc 1700MB/s, Ghi 1100MB/s) - (GP-GSM2NE3256GNTD)",No,No,No,No,No,No,No,No,No,No,No,No,No,No,No,No,No,No,No,Yes,No,No,No,No,No,No,No,No,No,Yes,No,No,No,No,No,No,No,No,Yes
HDWD350,Ổ cứng SSD WD SN550 Blue 1TB M.2 2280 PCIe NVMe 3x4 (Đọc 2400MB/s - Ghi 1750MB/s) - (WDS100T2B0C),No,No,No,No,No,No,No,No,No,No,No,No,No,No,No,No,No,Yes,No,No,No,Yes,No,No,No,No,No,No,No,No,No,No,No,No,Yes,No,No,No,Yes
HDWD224,Ổ cứng SSD WD Blue 250GB SATA 2.5 inch (Đọc 550MB/s - Ghi 525MB/s) - (WDS250G2B0A),No,No,No,No,No,No,No,No,No,No,No,No,No,No,No,No,No,Yes,No,Yes,No,No,No,No,No,No,No,No,Yes,No,No,No,No,No,No,No,Yes,No,No
HDKF001,Ổ cứng SSD Kingfast F6 Pro 120GB 2.5 inch SATA3 (Đọc 550MB/s - Ghi 450MB/s),No,No,No,No,No,No,No,No,Yes,No,No,No,No,No,No,No,No,No,Yes,No,No,No,No,No,No,Yes,No,No,No,No,No,No,No,No,No,No,Yes,No,No
HDKF005,Ổ cứng SSD Kingfast F10 256GB 2.5 inch SATA3 (Đọc 550MB/s - Ghi 500MB/s),No,No,No,No,No,No,No,No,Yes,No,No,No,No,No,No,No,No,No,Yes,No,No,No,No,No,No,No,No,No,No,Yes,No,No,No,No,No,No,Yes,No,No
HDAD111,Ổ cứng SSD Adata SU650 120GB 2.5 inch SATA3 (Đọc 520MB/s - Ghi 450MB/s) - (ASU650SS-120GT-R),Yes,No,No,No,No,No,No,No,No,No,No,No,No,No,No,No,No,No,Yes,No,No,No,No,No,No,Yes,No,No,No,No,No,No,No,No,No,No,Yes,No,No
HDAD122,"SSD Adata XPG SPECTRIX S40G RGB 256GB PCIe NVMe 3x4 (Doc 3500MB/s, Ghi 300MB/s) - AS40G-256GT-C",Yes,No,No,No,No,No,No,No,No,No,No,No,No,No,No,No,No,No,No,Yes,No,No,No,No,No,No,No,No,No,Yes,No,No,No,No,No,No,No,No,Yes
HDGI008,"Ổ cứng SSD Gigabyte 120GB SATA 2,5 inch (Đoc 500MB/s, Ghi 380MB/s) - (GP-GSTFS31120GNTD)",No,No,No,No,No,Yes,No,No,No,No,No,No,No,No,No,No,No,No,Yes,No,No,No,No,No,No,No,No,No,No,No,No,No,No,No,No,No,No,No,No
HDWD351,Ổ cứng SSD WD Green 480GB SATA 2.5 inch (Đọc 540MB/s - Ghi 450MB/s) - (WDS480G2G0A),No,No,No,No,No,No,No,No,No,No,No,No,No,No,No,No,No,Yes,No,Yes,No,No,No,No,No,No,No,No,No,No,Yes,No,No,No,No,No,Yes,No,No
HDWD225,Ổ cứng SSD WD Blue 500GB SATA 2.5 inch (Đọc 560MB/s - Ghi 530MB/s) - (WDS500G2B0A),No,No,No,No,No,No,No,No,No,No,No,No,No,No,No,No,No,Yes,No,Yes,No,No,No,No,No,No,No,No,No,No,No,Yes,No,No,No,No,Yes,No,No
HDKF002,Ổ cứng SSD Kingfast F6 Pro 240GB 2.5 inch SATA3 (Đọc 550MB/s - Ghi 500MB/s),No,No,No,No,No,No,No,No,Yes,No,No,No,No,No,No,No,No,No,Yes,No,No,No,No,No,No,No,No,Yes,No,No,No,No,No,No,No,No,Yes,No,No
HDKF004,Ổ cứng SSD Kingfast F6 Pro 480GB 2.5 inch SATA3 (Đọc 560MB/s - Ghi 540MB/s),No,No,No,No,No,No,No,No,Yes,No,No,No,No,No,No,No,No,No,No,Yes,No,No,No,No,No,No,No,No,No,No,Yes,No,No,No,No,No,Yes,No,No
HDKF006,Ổ cứng SSD Kingfast F8N 128GB M.2 2280 PCIe NVMe (Đọc 1500MB/s - Ghi 500MB/s),No,No,No,No,No,No,No,No,Yes,No,No,No,No,No,No,No,No,No,Yes,No,No,No,No,No,No,No,Yes,No,No,No,No,No,No,No,No,No,No,No,Yes
HDAD112,Ổ cứng SSD Adata SU650 240GB 2.5 inch SATA3 (Đọc 520MB/s - Ghi 450MB/s) - (ASU650SS-240GT-R),Yes,No,No,No,No,No,No,No,No,No,No,No,No,No,No,No,No,No,Yes,No,No,No,No,No,No,No,No,Yes,No,No,No,No,No,No,No,No,Yes,No,No
HDGI003,Ổ cứng SSD Gigabyte AORUS RGB 512GB M.2 2280 PCIe Gen 3x4 (Đọc 3480MB/s - Ghi 2000MB/s) - (GP-ASM2NE2512GTTDR),No,No,No,No,No,Yes,No,No,No,No,No,No,No,No,No,No,No,No,No,No,Yes,No,No,No,No,No,No,No,No,No,No,No,Yes,No,No,No,No,No,Yes
HDAD123,Ổ cứng SSD Adata XPG SPECTRIX S40G RGB 512GB M.2 2280 PCIe NVMe Gen 3x4 (Đọc 3500MB/s - Ghi 3000MB/s) - (AS40G-512GT-C),Yes,No,No,No,No,No,No,No,No,No,No,No,No,No,No,No,No,No,No,No,Yes,No,No,No,No,No,No,No,No,No,No,No,Yes,No,No,No,No,No,Yes
HDWD309,"Ổ cứng SSD WD Ultrastar DC SA210 (240GB/2.5 inch/SATA/Đọc 510 MiB/s, Ghi 475 MiB/s) (0TS1649)",No,No,No,No,No,No,No,No,No,No,No,No,No,No,No,No,No,Yes,No,Yes,No,No,No,No,No,No,No,Yes,No,No,No,No,No,No,No,No,Yes,No,No
HDGI009,"Ổ cứng SSD Gigabyte 240GB SATA 2,5 inch (Đoc 500MB/s, Ghi 420MB/s) - (GP-GSTFS31240GNTD)",No,No,No,No,No,Yes,No,No,No,No,No,No,No,No,No,No,No,No,Yes,No,No,No,No,No,No,No,No,No,No,No,No,No,No,No,No,No,No,No,No
HDWD352,Ổ cứng SSD WD Green 480GB M.2 2280 (Đọc 540MB/s - Ghi 450MB/s) - (WDS480G2G0B),No,No,No,No,No,No,No,No,No,No,No,No,No,No,No,No,No,Yes,No,Yes,No,No,No,No,No,No,No,No,No,No,Yes,No,No,No,No,No,No,Yes,No
HDSA129,SSD Samsung PM883 (240GB/SATA 6.0 Gbps/2.5 inch) (MZ7LH240HAHQ-00005),No,No,No,No,No,No,No,No,No,No,No,No,No,Yes,No,No,No,No,No,No,Yes,No,No,No,No,No,No,Yes,No,No,No,No,No,No,No,No,Yes,No,No
HDIN042,Ổ cứng SSD Intel Optane 16GB M.2 2280 PCIe NVMe Gen 3x2 (Đọc 900MB/s - Ghi 145MB/s),No,No,No,No,No,No,No,Yes,No,No,No,No,No,No,No,No,No,No,Yes,No,No,No,No,Yes,No,No,No,No,No,No,No,No,No,No,No,No,No,No,Yes
HDWD227,Ổ cứng SSD WD Green 240GB SATA 2.5 inch (Đọc 545MB/s - Ghi 465MB/s) - (WDS240G2G0A),No,No,No,No,No,No,No,No,No,No,No,No,No,No,No,No,No,Yes,Yes,No,No,No,No,No,No,No,No,Yes,No,No,No,No,No,No,No,No,Yes,No,No
HDKT043,Ổ cứng SSD Kingston UV500 120G M.2 2280 (Đọc 520MB/s - Ghi 320MB/s) - (SUV500M8/120G),No,No,No,No,No,No,No,No,No,No,Yes,No,No,No,No,No,No,No,Yes,No,No,No,No,No,No,Yes,No,No,No,No,No,No,No,No,No,No,No,Yes,No
HDCO051,Ổ cứng SSD Corsair Force MP510 240GB M.2 2280 PCIe NVMe Gen 3x4 (Đọc 3100MB/s - Ghi 1050MB/s),No,No,No,Yes,No,No,No,No,No,No,No,No,No,No,No,No,No,No,No,Yes,No,No,No,No,No,No,No,Yes,No,No,No,No,No,No,No,No,No,No,Yes
HDKF007,Ổ cứng SSD Kingfast F6M 256GB M.2 2280 (Đọc 550MB/s - Ghi 450MB/s),No,No,No,No,No,No,No,No,Yes,No,No,No,No,No,No,No,No,No,Yes,No,No,No,No,No,No,No,No,No,No,Yes,No,No,No,No,No,No,No,Yes,No
HDAD116,"Ổ cứng SSD Adata 512GB GAMMIX S11 Pro PCIe NVMe Gen3x4 (Doc 3500MB/s, Ghi 3000MB/s)- (AGAMMIXS11P-512GT-C)",Yes,No,No,No,No,No,No,No,No,No,No,No,No,No,No,No,No,No,No,No,Yes,No,No,No,No,No,No,No,No,No,No,No,Yes,No,No,No,No,No,Yes
HDAD124,"SSD Adata XPG SPECTRIX S40G RGB 1TB PCIe NVMe 3x4 (Doc 3500MB/s, Ghi 3000MB/s) - AS40G-1TT-C",Yes,No,No,No,No,No,No,No,No,No,No,No,No,No,No,No,No,No,No,No,No,Yes,No,No,No,No,No,No,No,No,No,No,No,No,Yes,No,No,No,Yes
HDAP007,Ổ cứng SSD Apacer AS450 120GB SATA3 2.5 inch (Đọc 550Mb/s - Ghi 520Mb/s) - (AP120GAS450B-1),No,Yes,No,No,No,No,No,No,No,No,No,No,No,No,No,No,No,No,Yes,No,No,No,No,No,No,No,No,No,No,No,No,No,No,No,No,No,No,No,No
HDKT070,Ổ cứng SSD Kingston KC2500 250GB NVMe M.2 2280 PCIe Gen 3x4 (Đọc 3500MB/s - Ghi 1200MB/s) - (SKC2500M8/250G),No,No,No,No,No,No,No,No,No,No,Yes,No,No,No,No,No,No,No,No,Yes,No,No,No,No,No,No,No,No,No,No,No,No,No,No,No,No,No,No,No
HDTE010,Ổ cứng SSD Team T-Force Delta Max RGB 250GB 2.5 inch SATA3 (Đọc 560MB/s - Ghi 500MB/s) - (T253TM250G3C302),No,No,No,No,No,No,No,No,No,No,No,No,No,No,No,No,Yes,No,No,Yes,No,No,No,No,No,No,No,No,Yes,No,No,No,No,No,No,No,Yes,No,No
HDWD228,Ổ cứng SSD WD Green 120GB SATA 2.5 inch (Đọc 545MB/s - Ghi 430MB/s) - (WDS120G2G0A),No,No,No,No,No,No,No,No,No,No,No,No,No,No,No,No,No,Yes,Yes,No,No,No,No,No,No,Yes,No,No,No,No,No,No,No,No,No,No,Yes,No,No
HDKT044,Ổ cứng SSD Kingston UV500 240G M.2 2280 (Đọc 520MB/s - Ghi 500MB/s) - (SUV500M8/240G),No,No,No,No,No,No,No,No,No,No,Yes,No,No,No,No,No,No,No,No,Yes,No,No,No,No,No,No,No,Yes,No,No,No,No,No,No,No,No,No,Yes,No
HDSA099,Ổ cứng SSD Samsung 860 PRO 512GB 2.5 inch SATA3 (Đọc 560MB/s - Ghi 530MB/s),No,No,No,No,No,No,No,No,No,No,No,No,No,Yes,No,No,No,No,No,No,No,No,Yes,No,No,No,No,No,No,No,No,No,Yes,No,No,No,Yes,No,No
HDWD253,Ổ cứng SSD WD Green 240GB M.2 2280  (Đọc 545MB/s - Ghi 430MB/s) - (WDS240G2G0B),No,No,No,No,No,No,No,No,No,No,No,No,No,No,No,No,No,Yes,Yes,No,No,No,No,No,No,No,No,Yes,No,No,No,No,No,No,No,No,No,Yes,No
HDPT050,Ổ cứng SSD Plextor PX 256M8VG 256GB M.2 2280 (Đọc 560MB/s - Ghi 510MB/s),No,No,No,No,No,No,No,No,No,No,No,Yes,No,No,No,No,No,No,No,Yes,No,No,No,No,No,No,No,No,No,Yes,No,No,No,No,No,No,No,Yes,No
HDSA116,Ổ cứng SSD Samsung 970 EVO Plus 500GB M.2 PCIe NVMe 3x4 (Đọc 3500MB/s - Ghi 2300MB/s) - (MZ-V7S500BW),No,No,No,No,No,No,No,No,No,No,No,No,No,Yes,No,No,No,No,No,No,No,Yes,No,No,No,No,No,No,No,No,No,Yes,No,No,No,No,No,No,Yes
HDPN025,Ổ cứng SSD CS3030 250GB M.2 2208 PCIe NVMe Gen 3x4 (Đọc 3500MB/s - Ghi 1050MB/s),No,No,No,No,No,No,No,No,No,No,No,No,Yes,No,No,No,No,No,No,Yes,No,No,No,No,No,No,No,No,Yes,No,No,No,No,No,No,No,No,No,Yes
HDSE210,"Ổ cứng SSD Seagate BarraCuda 120 1TB 2.5 inch SATA3 (Đọc 560MB/s, Ghi 540MB/s) - (ZA1000CM1A003)",No,No,No,No,No,No,No,No,No,No,No,No,No,No,Yes,No,No,No,No,No,No,Yes,No,No,No,No,No,No,No,No,No,No,No,No,Yes,No,Yes,No,No
HDKM017,Ổ cứng SSD Kingmax Zeus PX3480 512GB M.2 2280 PCIe NVMe Gen 3x4 (Đọc 3300MB/s - Ghi 1950MB/s),No,No,No,No,No,No,No,No,No,Yes,No,No,No,No,No,No,No,No,No,No,Yes,No,No,No,No,No,No,No,No,No,No,No,Yes,No,No,No,No,No,Yes
HDAP008,Ổ cứng SSD Apacer AS450 240GB SATA3 2.5 inch (Đọc 550Mb/s - Ghi 520Mb/s) - (AP240GAS450B-1),No,Yes,No,No,No,No,No,No,No,No,No,No,No,No,No,No,No,No,Yes,No,No,No,No,No,No,No,No,No,No,No,No,No,No,No,No,No,No,No,No
HDKT071,Ổ cứng SSD Kingston KC2500 500GB NVMe M.2 2280 PCIe Gen 3x4 (Đọc 3500MB/s - Ghi 2500MB/s) - (SKC2500M8/500G),No,No,No,No,No,No,No,No,No,No,Yes,No,No,No,No,No,No,No,No,No,Yes,No,No,No,No,No,No,No,No,No,No,No,No,No,No,No,No,No,No
HDWD275,Ổ cứng SSD WD SN750 Black 250GB M.2 2280 PCIe NVMe 3x4 (Đọc 3100MB/s - Ghi 1600MB/s) - (WDS250G3X0C),No,No,No,No,No,No,No,No,No,No,No,No,No,No,No,No,No,Yes,No,Yes,No,No,No,No,No,No,No,No,Yes,No,No,No,No,No,No,No,No,No,Yes
HDSA109,Ổ cứng SSD Samsung 970 PRO 512GB M.2 2280 PCIe NVMe 3x4 (Đọc 3500MB/s - Ghi 2300MB/s),No,No,No,No,No,No,No,No,No,No,No,No,No,Yes,No,No,No,No,No,No,No,No,Yes,No,No,No,No,No,No,No,No,No,Yes,No,No,No,No,No,Yes
HDKM014,Ổ cứng SSD Kingmax Zeus PX3480 256GB M.2 2280 PCIe NVMe Gen 3x4,No,No,No,No,No,No,No,No,No,Yes,No,No,No,No,No,No,No,No,No,Yes,No,No,No,No,No,No,No,No,No,Yes,No,No,No,No,No,No,No,No,Yes
HDKT057,Ổ cứng SSD Kingston A400 120G M.2 2280 (Đọc 500MB/s - Ghi 320MB/s) - (SA400M8/120G),No,No,No,No,No,No,No,No,No,No,Yes,No,No,No,No,No,No,No,Yes,No,No,No,No,No,No,Yes,No,No,No,No,No,No,No,No,No,No,No,Yes,No
HDKF012,Ổ cứng SSD KINGFAST F10 512GB Sata3 2.5 inch (Đọc 550MB/s - Ghi 450MB/s) - (F10-512GB),No,No,No,No,No,No,No,No,Yes,No,No,No,No,No,No,No,No,No,No,Yes,No,No,No,No,No,No,No,No,No,No,No,No,Yes,No,No,No,Yes,No,No
HDWD311,Ổ cứng SSD Western SN750 Black 1TB M.2 2280 PCIe NVMe 3x4 (Đọc 3470MB/s - Ghi 3000MB/s) - (WDS100T3X0C),No,No,No,No,No,No,No,No,No,No,No,No,No,No,No,No,No,Yes,No,No,No,No,Yes,No,No,No,No,No,No,No,No,No,No,No,Yes,No,No,No,Yes
HDGI010,"Ổ cứng SSD Gigabyte 128GB M.2 2280 PCIe NVMe Gen 3x4 (Đoc 1550MB/s, Ghi 550MB/s) - (GP-GSM2NE3128GNTD)",No,No,No,No,No,Yes,No,No,No,No,No,No,No,No,No,No,No,No,Yes,No,No,No,No,No,No,No,No,No,No,No,No,No,No,No,No,No,No,No,No
HDSA132,SSD Samsung PM883 (1.92TB/SATA 6.0 Gbps/2.5 inch) (MZ7LH1T9HMLT-00005),No,No,No,No,No,No,No,No,No,No,No,No,No,Yes,No,No,No,No,No,No,No,No,Yes,No,No,No,No,No,No,No,No,No,No,No,No,Yes,No,No,No
HDPN017,Ổ cứng SSD PNY CS900 480GB 2.5 inch SATA3 (Đọc 535MB/s - Ghi 500MB/s),No,No,No,No,No,No,No,No,No,No,No,No,Yes,No,No,No,No,No,No,No,No,No,No,No,No,No,No,No,No,No,Yes,No,No,No,No,No,No,No,No
HDPT054,Ổ cứng SSD Plextor PX 512M9PeG 512Gb M.2 2280 PCIe NVMe Gen 3x4 (Đọc 3200MB/s - Ghi 2000MB/s),No,No,No,No,No,No,No,No,No,No,No,Yes,No,No,No,No,No,No,No,No,Yes,No,No,No,No,No,No,No,No,No,No,No,Yes,No,No,No,No,No,Yes
HDGI005,Ổ cứng SSD Gigabyte AORUS 500GB M.2 2280 PCIe NVMe Gen 4x4 (Đọc 5000MB/s - Ghi 2500MB/s) - (GP-ASM2NE6500GTTD),No,No,No,No,No,Yes,No,No,No,No,No,No,No,No,No,No,No,No,No,No,No,Yes,No,No,No,No,No,No,No,No,No,Yes,No,No,No,No,No,No,Yes
HDCO054,"Ổ cứng SSD Corsair MP600 500GB M.2 2280 PCIe NVMe Gen 4x4 (Đoc 4950MB/s, Ghi 2500MB/s) - (CSSD-F500GBMP600)",No,No,No,Yes,No,No,No,No,No,No,No,No,No,No,No,No,No,No,No,No,No,Yes,No,No,No,No,No,No,No,No,No,Yes,No,No,No,No,No,No,Yes
HDPT042,Ổ cứng SSD Plextor PX 128S3C 128GB 2.5 inch SATA3 (Đọc 550MB/s - Ghi 500MB/s),No,No,No,No,No,No,No,No,No,No,No,Yes,No,No,No,No,No,No,No,No,No,No,No,No,No,No,Yes,No,No,No,No,No,No,No,No,No,No,No,No
HDPN018,Ổ cứng SSD PNY CS1311b 128GB 2.5 inch SATA3 (Đọc 560MB/s - Ghi 530MB/s),No,No,No,No,No,No,No,No,No,No,No,No,Yes,No,No,No,No,No,No,No,No,No,No,No,No,No,Yes,No,No,No,No,No,No,No,No,No,No,No,No
HDPT055,Ổ cứng SSD Plextor PX 1TM9PeG 1TB M.2 2280 PCIe NVMe Gen 3x4 (Đọc 3200MB/s - Ghi 2100MB/s),No,No,No,No,No,No,No,No,No,No,No,Yes,No,No,No,No,No,No,No,No,No,No,Yes,No,No,No,No,No,No,No,No,No,No,No,Yes,No,No,No,Yes
HDCO055,"Ổ cứng SSD Corsair MP600 1TB M.2 2280 PCIe NVMe Gen 4x4 (Đoc 4950MB/s, Ghi 4250MB/s) - (CSSD-F1000GBMP600)",No,No,No,Yes,No,No,No,No,No,No,No,No,No,No,No,No,No,No,No,No,No,No,Yes,No,No,No,No,No,No,No,No,No,No,No,Yes,No,No,No,Yes
HDSA134,SSD Samsung PM883 (7.68TB/SATA 6.0 Gbps/2.5 inch) (MZ7LH7T6HMLA-00005),No,No,No,No,No,No,No,No,No,No,No,No,No,Yes,No,No,No,No,No,No,No,No,Yes,No,No,No,No,No,No,No,No,No,No,No,No,Yes,No,No,No
HDSA131,SSD Samsung PM883 (960GB/SATA 6.0 Gbps/2.5 inch) (MZ7LH960HAJR-00005),No,No,No,No,No,No,No,No,No,No,No,No,No,Yes,No,No,No,No,No,No,No,No,Yes,No,No,No,No,No,No,No,No,No,No,Yes,No,No,No,No,No
HDKT066,"SSD Kingston SKC2000 2TB NVMe M.2 2280 PCIe Gen 3 x 4 (Doc 3200MB/s, Ghi 2200MB/s) -KC2000M8/2000G",No,No,No,No,No,No,No,No,No,No,Yes,No,No,No,No,No,No,No,No,No,No,No,Yes,No,No,No,No,No,No,No,No,No,No,No,No,Yes,No,No,Yes
HDPN016,Ổ cứng SSDPNY CS900 240GB 2.5 inch SATA3 (Đọc 535MB/s - Ghi 500MB/s),No,No,No,No,No,No,No,No,No,No,No,No,Yes,No,No,No,No,No,Yes,No,No,No,No,No,No,No,No,Yes,No,No,No,No,No,No,No,No,No,No,No
HDPT053,Ổ cứng SSD Plextor PX 256M9PeG 256GB M.2 2280 PCIe NVMe Gen 3x4 (Đọc 3000MB/s - Ghi 1000MB/s)),No,No,No,No,No,No,No,No,No,No,No,Yes,No,No,No,No,No,No,No,No,No,No,No,No,No,No,No,No,No,Yes,No,No,No,No,No,No,No,No,Yes
HDKT072,Ổ cứng SSD Kingston KC2500 1TB NVMe M.2 2280 PCIe Gen 3x4 (Đọc 3500MB/s - Ghi 2900MB/s) - (SKC2500M8/1000G),No,No,No,No,No,No,No,No,No,No,Yes,No,No,No,No,No,No,No,No,No,No,No,Yes,No,No,No,No,No,No,No,No,No,No,No,No,No,No,No,No
HDWD355,Ổ cứng SSD WD SN850 Black 1TB M.2 2280 PCIe NVMe 4x4 (Đọc 7000MB/s - Ghi 4100MB/s)-(WDS100T1X0E),No,No,No,No,No,No,No,No,No,No,No,No,No,No,No,No,No,Yes,No,No,No,No,Yes,No,No,No,No,No,No,No,No,No,No,No,Yes,No,No,No,Yes
HDPT043,Ổ cứng SSD Plextor PX 256S3C 256GB 2.5 inch SATA3 (Đọc 550MB/s - Ghi 510MB/s),No,No,No,No,No,No,No,No,No,No,No,Yes,No,No,No,No,No,No,No,No,No,No,No,No,No,No,No,No,No,Yes,No,No,No,No,No,No,No,No,No
HDKT049,Ổ cứng SSD Kingston A1000M8 240GB M.2 2280 PCIe NVMe Gen 3x2 (Đọc 1500MB/s - Ghi 800MB/s) - (SA1000M8/240G),No,No,No,No,No,No,No,No,No,No,Yes,No,No,No,No,No,No,No,No,No,No,No,No,No,No,No,No,Yes,No,No,No,No,No,No,No,No,No,No,Yes
HDKT052,Ổ cứng SSD Kingston Furry RGB 240GB 2.5 inch SATA3 (Đọc 550MB/s - Ghi 480MB/s) - (SHFR200/240G),No,No,No,No,No,No,No,No,No,No,Yes,No,No,No,No,No,No,No,No,No,No,No,No,No,No,No,No,Yes,No,No,No,No,No,No,No,No,No,No,No
HDKT064,"SSD Kingston SKC2000 500GB NVMe M.2 2280 PCIe Gen 3 x 4 (Doc 3000MB/s, Ghi 2000MB/s) -KC2000M8/500G",No,No,No,No,No,No,No,No,No,No,Yes,No,No,No,No,No,No,No,No,No,No,Yes,No,No,No,No,No,No,No,No,No,Yes,No,No,No,No,No,No,Yes
HDPN019,Ổ cứng SSD PNY CS1311b 256GB 2.5 inch SATA3 (Đọc 560MB/s - Ghi 530MB/s),No,No,No,No,No,No,No,No,No,No,No,No,Yes,No,No,No,No,No,No,No,No,No,No,No,No,No,No,No,No,Yes,No,No,No,No,No,No,No,No,No
HDAV002,SSD AVEXIR E100 120GB SATA3 6Gb/s 2.5 inch Read 550MB/s - Write 370MB/s,No,No,Yes,No,No,No,No,No,No,No,No,No,No,No,No,No,No,No,No,No,No,No,No,No,No,Yes,No,No,No,No,No,No,No,No,No,No,No,No,No
HDCO056,"Ổ cứng SSD Corsair MP600 2TB M.2 2280 PCIe NVMe Gen 4x4 (Đoc 4950MB/s, Ghi 4250MB/s) - (CSSD-F2000GBMP600)",No,No,No,Yes,No,No,No,No,No,No,No,No,No,No,No,No,No,No,No,No,No,No,Yes,No,No,No,No,No,No,No,No,No,No,No,No,Yes,No,No,Yes
HDCR033,Ổ cứng SSD Crucial MX500 250GB 2.5 inch SATA3 (Đọc 560MB/s - Ghi 510MB/s) - (CT250MX500SSD1),No,No,No,No,Yes,No,No,No,No,No,No,No,No,No,No,No,No,No,No,No,No,No,No,No,No,No,No,No,No,No,No,No,No,No,No,No,No,No,No
HDPT045,"m2SSD Plextor PX-256S3G Series 256GB M.2 2280 (Doc 550MB/s, Ghi 510MB/s)",No,No,No,No,No,No,No,No,No,No,No,Yes,No,No,No,No,No,No,No,No,No,No,No,No,No,No,No,No,No,Yes,No,No,No,No,No,No,No,Yes,No
HDKT053,Ổ cứng SSD Kingston Furry RGB 480GB 2.5 inch SATA3 (Đọc 550MB/s - Ghi 480MB/s) - (SHFR200/480G),No,No,No,No,No,No,No,No,No,No,Yes,No,No,No,No,No,No,No,No,No,No,Yes,No,No,No,No,No,No,No,No,Yes,No,No,No,No,No,No,No,No
HDAD096,Ổ cứng SSD Adata SU800 256GB 2.5 inch SATA3 (Đọc 560MB/s - Ghi 520MB/s) - (ASU800SS-256GT-C),Yes,No,No,No,No,No,No,No,No,No,No,No,No,No,No,No,No,No,No,No,No,No,No,No,No,No,No,No,No,Yes,No,No,No,No,No,No,No,No,No
HDPN020,Ổ cứng SSD PNY CS1311b 512GB 2.5 inch SATA3 (Đọc 560MB/s - Ghi 530MB/s),No,No,No,No,No,No,No,No,No,No,No,No,Yes,No,No,No,No,No,No,No,No,No,No,No,No,No,No,No,No,No,No,No,Yes,No,No,No,No,No,No
HDCR034,Ổ cứng SSD Crucial MX500 500GB 2.5 inch SATA3 (Đọc 560MB/s - Ghi 510MB/s) - (CT500MX500SSD1),No,No,No,No,Yes,No,No,No,No,No,No,No,No,No,No,No,No,No,No,No,No,No,No,No,No,No,No,No,No,No,No,No,No,No,No,No,No,No,No
HDKT054,Ổ cứng SSD Kingston Furry RGB 960GB 2.5 inch SATA3 (Đọc 550MB/s - Ghi 480MB/s) - (SHFR200/960G),No,No,No,No,No,No,No,No,No,No,Yes,No,No,No,No,No,No,No,No,No,No,No,Yes,No,No,No,No,No,No,No,No,No,No,Yes,No,No,No,No,No
HDAD113,Ổ cứng SSD Adata SU800 128GB M.2 2280 (Đọc 560MB/s - Ghi 520MB/s) - (ASU800NS38-128GT-C),Yes,No,No,No,No,No,No,No,No,No,No,No,No,No,No,No,No,No,No,No,No,No,No,No,No,No,Yes,No,No,No,No,No,No,No,No,No,No,Yes,No
HDPN021,Ổ cứng SSD PNY CS2040 M.2 2280 128GB (Đọc 560MB/s - Ghi 540MB/s),No,No,No,No,No,No,No,No,No,No,No,No,Yes,No,No,No,No,No,No,No,No,No,No,No,No,No,Yes,No,No,No,No,No,No,No,No,No,No,Yes,No
HDKT065,"SSD Kingston SKC2000 1TB NVMe M.2 2280 PCIe Gen 3 x 4 (Doc 3200MB/s, Ghi 2200MB/s) -KC2000M8/1000G",No,No,No,No,No,No,No,No,No,No,Yes,No,No,No,No,No,No,No,No,No,No,No,Yes,No,No,No,No,No,No,No,No,No,No,No,Yes,No,No,No,Yes
HDCR035,Ổ cứng SSD Crucial MX500 1TB 2.5 inch SATA3 (Đọc 560MB/s - Ghi 510MB/s) - (CT1000MX500SSD1),No,No,No,No,Yes,No,No,No,No,No,No,No,No,No,No,No,No,No,No,No,No,Yes,No,No,No,No,No,No,No,No,No,No,No,No,No,No,No,No,No
HDWD188,"WD 240GB M.2 Sata 2280 (Doc 540MB/s, Ghi 465MB/s) - WDS240G1G0B",No,No,No,No,No,No,No,No,No,No,No,No,No,No,No,No,No,Yes,No,No,Yes,No,No,No,No,No,No,Yes,No,No,No,No,No,No,No,No,No,Yes,No
HDKT041,"Ổ cứng SSD Kingston SSDNow UV400 240GB Sata3 2.5 inch (Doc 550MB/s, Ghi 490MB/s) - SUV400S37/240G",No,No,No,No,No,No,No,No,No,No,Yes,No,No,No,No,No,No,No,No,No,No,No,No,No,No,No,No,Yes,No,No,No,No,No,No,No,No,No,No,No
HDIN054,Ổ cứng SSD Intel S4510 240GB 2.5 inch SATA3 (Đọc 560MB/s - Ghi 280MB/s) - (SSDSC2KB240G801),No,No,No,No,No,No,No,Yes,No,No,No,No,No,No,No,No,No,No,No,No,Yes,No,No,No,No,No,No,Yes,No,No,No,No,No,No,No,No,No,No,No
HDPN022,Ổ cứng SSD PNY CS2040 M.2 2280 256GB (Đọc 560MB/s - Ghi 540MB/s),No,No,No,No,No,No,No,No,No,No,No,No,Yes,No,No,No,No,No,No,No,No,No,No,No,No,No,No,No,No,Yes,No,No,No,No,No,No,No,Yes,No
HDSE213,Ổ cứng SSD Seagate Nytro 1351 960GB 2.5 inch SATA (XA960LE10063),No,No,No,No,No,No,No,No,No,No,No,No,No,No,Yes,No,No,No,No,No,No,No,Yes,No,No,No,No,No,No,No,No,No,No,Yes,No,No,No,No,No
HDCR036,Ổ cứng SSD Crucial MX500 2TB 2.5 inch SATA3 (Đọc 560MB/s - Ghi 510MB/s) - (CT2000MX500SSD1),No,No,No,No,Yes,No,No,No,No,No,No,No,No,No,No,No,No,No,No,No,No,No,Yes,No,No,No,No,No,No,No,No,No,No,No,No,No,No,No,No
HDSP021,"Ổ cứng SSD SILICON POWER V60 240GB SATA3 6Gb/s 2.5 inch (Read 550MB/s, Write 500MB/s)",No,No,No,No,No,No,No,No,No,No,No,No,No,No,No,Yes,No,No,No,No,No,No,No,No,No,No,No,Yes,No,No,No,No,No,No,No,No,No,No,No
HDSA100,Ổ cứng SSD Samsung 860 PRO 1TB 2.5 inch SATA3 (Đọc 560MB/s - Ghi 530MB/s),No,No,No,No,No,No,No,No,No,No,No,No,No,Yes,No,No,No,No,No,No,No,No,Yes,No,No,No,No,No,No,No,No,No,No,No,Yes,No,No,No,No
HDPN026,Ổ cứng SSD CS3030 500GB M.2 2208 PCIe NVMe Gen 3x4 (Đọc 3500MB/s - Ghi 2000MB/s),No,No,No,No,No,No,No,No,No,No,No,No,Yes,No,No,No,No,No,No,No,Yes,No,No,No,No,No,No,No,No,No,No,Yes,No,No,No,No,No,No,Yes
HDAD120,Ổ cứng SSD Adata XPG GAMMIX S5 512GB M.2 2280 PCIe NVMe Gen 3x4 (Đọc 2100MB/s - Ghi 1500MB/s) - (AGAMMIXS5-512GT-C),Yes,No,No,No,No,No,No,No,No,No,No,No,No,No,No,No,No,No,No,No,Yes,No,No,No,No,No,No,No,No,No,No,No,Yes,No,No,No,No,No,Yes
HDHP045,SSD HP 512GB SATA (D8F30AA),No,No,No,No,No,No,Yes,No,No,No,No,No,No,No,No,No,No,No,No,No,No,No,Yes,No,No,No,No,No,No,No,No,No,Yes,No,No,No,No,No,No
HDAD114,Ổ cứng SSD Adata ASX6000LNP 128GB M.2 2280 PCIe NVMe 3x4 (Đọc 1800MB/s - Ghi 600MB/s),Yes,No,No,No,No,No,No,No,No,No,No,No,No,No,No,No,No,No,No,No,No,No,No,No,No,No,Yes,No,No,No,No,No,No,No,No,No,No,No,Yes
HDCR040,Ổ cứng SSD Crucial BX500 120GB 2.5 inch SATA3 (Đọc 540MB/s - Ghi 500MB/s) - (CT120BX500SSD1),No,No,No,No,Yes,No,No,No,No,No,No,No,No,No,No,No,No,No,Yes,No,No,No,No,No,No,No,No,No,No,No,No,No,No,No,No,No,No,No,No
HDKM027,Ổ cứng SSD Kingmax Zeus PX4480 2TB M.2 2280 PCIe NVMe Gen 4x4 (Đọc 5000MB/s - Ghi 2500MB/s) - (KM2TBPX4480),No,No,No,No,No,No,No,No,No,Yes,No,No,No,No,No,No,No,No,No,No,No,No,Yes,No,No,No,No,No,No,No,No,No,No,No,No,Yes,No,No,Yes
HDSA136,SSD Samsung PM983 (1.9TB/NVMe PCIe Gen3 x4) (MZQLB1T9HAJR-00007),No,No,No,No,No,No,No,No,No,No,No,No,No,Yes,No,No,No,No,No,No,No,No,Yes,No,No,No,No,No,No,No,No,No,No,No,No,Yes,No,No,Yes
HDPT040,"SSD Plextor PX-256M8PeGN Series 256GB NVMe (Doc 2000MB/s, Ghi 900MB/s)",No,No,No,No,No,No,No,No,No,No,No,Yes,No,No,No,No,No,No,No,No,No,Yes,No,No,No,No,No,No,No,Yes,No,No,No,No,No,No,No,No,Yes
HDPT044,Ổ cứng SSD Plextor PX 128S3G 128GB M.2 2280 (Đọc 550MB/s - Ghi 500MB/s),No,No,No,No,No,No,No,No,No,No,No,Yes,No,No,No,No,No,No,No,No,No,No,No,No,No,No,Yes,No,No,No,No,No,No,No,No,No,No,Yes,No
HDAD095,Ổ cứng SSD Adata SU800 128GB 2.5 inch SATA3 (Đọc 560MB/s - Ghi 520MB/s) - (ASU800SS-128GT-C),Yes,No,No,No,No,No,No,No,No,No,No,No,No,No,No,No,No,No,No,No,No,No,No,No,No,No,Yes,No,No,No,No,No,No,No,No,No,No,No,No
HDPN027,"Ổ cứng SSD CS3030 1TB M.2 2208 PCIe NVMe Gen 3x4 (Đọc 3500MB/s), Ghi 3000MB/s))",No,No,No,No,No,No,No,No,No,No,No,No,Yes,No,No,No,No,No,No,No,No,No,Yes,No,No,No,No,No,No,No,No,No,No,No,Yes,No,No,No,Yes
HDAD121,Ổ cứng SSD Adata XPG GAMMIX S5 1TB M.2 2280 PCIe NVMe Gen 3x4 (Đọc 2100MB/s - Ghi 1500MB/s) - (AGAMMIXS5-1TT-C),Yes,No,No,No,No,No,No,No,No,No,No,No,No,No,No,No,No,No,No,No,No,Yes,No,No,No,No,No,No,No,No,No,No,No,No,Yes,No,No,No,Yes
HDHP046,SSD HP Z Turbo Drive G2 256GB PCIe (M1F73AA),No,No,No,No,No,No,Yes,No,No,No,No,No,No,No,No,No,No,No,No,No,No,No,No,No,No,No,No,No,No,Yes,No,No,No,No,No,No,No,No,Yes
HDCR041,Ổ cứng SSD Crucial BX500 240GB 2.5 inch SATA3 (Đọc 540MB/s - Ghi 500MB/s) - (CT240BX500SSD1),No,No,No,No,Yes,No,No,No,No,No,No,No,No,No,No,No,No,No,No,No,No,No,No,No,No,No,No,No,No,No,No,No,No,No,No,No,No,No,No
HDSA137,SSD Samsung PM983 (3.8TB/NVMe PCIe Gen3 x4) (MZQLB3T8HALS-00007),No,No,No,No,No,No,No,No,No,No,No,No,No,Yes,No,No,No,No,No,No,No,No,Yes,No,No,No,No,No,No,No,No,No,No,No,No,Yes,No,No,Yes
HDKM018,Ổ cứng SSD Kingmax KE31 240GB USB 3.1 (Đọc 400MB/s - Ghi 390MB/s) - (KMAXKE31240GB),No,No,No,No,No,No,No,No,No,Yes,No,No,No,No,No,No,No,No,Yes,No,No,No,No,No,No,No,No,No,No,No,No,No,No,No,No,No,No,No,No
HDKM013,Ổ cứng SSD Kingmax Zeus PX3280 512GB M.2 2280 PCIe NVMe Gen 3x2 (Đọc 1750MB/s - Ghi 950MB/s),No,No,No,No,No,No,No,No,No,Yes,No,No,No,No,No,No,No,No,No,No,No,No,No,No,No,No,No,No,No,No,No,No,Yes,No,No,No,No,No,Yes
HDPN028,Ổ cứng SSD CS3030 2TB M.2 2208 PCIe NVMe Gen 3x4 (Đọc 3500MB/s - Ghi 3000MB/s),No,No,No,No,No,No,No,No,No,No,No,No,Yes,No,No,No,No,No,No,No,No,No,Yes,No,No,No,No,No,No,No,No,No,No,No,No,Yes,No,No,Yes
HDHP047,SSD HP Z Turbo Drive G2 512GB PCIe (M1F74AA),No,No,No,No,No,No,Yes,No,No,No,No,No,No,No,No,No,No,No,No,No,No,No,Yes,No,No,No,No,No,No,No,No,No,Yes,No,No,No,No,No,Yes
HDCR042,Ổ cứng SSD Crucial P1 500GB NVMe M.2 2280 PCIe Gen 3x4 (Đọc 1900MB/s - Ghi 950MB/s) - (CT500P1SSD8),No,No,No,No,Yes,No,No,No,No,No,No,No,No,No,No,No,No,No,No,No,No,No,No,No,No,No,No,No,No,No,No,No,No,No,No,No,No,No,No
HDSA138,SSD Samsung PM983 (7.6TB/NVMe PCIe Gen3 x4) (MZQLB7T6HMLA-00007),No,No,No,No,No,No,No,No,No,No,No,No,No,Yes,No,No,No,No,No,No,No,No,Yes,No,No,No,No,No,No,No,No,No,No,No,No,Yes,No,No,Yes
HDSP017,"Ổ cứng SSD SILICON POWER S60 480GB SATA3 6Gb/s 2.5 inch (MLC High Endurance, Read 520MB/s, Write 490MB/s) SP480GBSS3S60S25 ",No,No,No,No,No,No,No,No,No,No,No,No,No,No,No,Yes,No,No,No,No,Yes,No,No,No,No,No,No,No,No,No,Yes,No,No,No,No,No,No,No,No
HDCR043,Ổ cứng SSD Crucial P1 1TB NVMe M.2 2280 PCIe Gen 3x4 (Đọc 2000MB/s - Ghi 1700MB/s) - (CT1000P1SSD8),No,No,No,No,Yes,No,No,No,No,No,No,No,No,No,No,No,No,No,No,No,No,No,Yes,No,No,No,No,No,No,No,No,No,No,No,No,No,No,No,No
HDGI004,Ổ cứng SSD Gigabyte 256GB M.2 2280 PCIe NVMe Gen 3x2 (Đọc 1200MB/s - Ghi 800MB/s) - (GSM2NE8256GNTD),No,No,No,No,No,Yes,No,No,No,No,No,No,No,No,No,No,No,No,No,No,No,No,No,No,No,No,No,No,No,Yes,No,No,No,No,No,No,No,No,Yes
HDWD310,"Ổ cứng SSD WD Ultrastar DC SA210 (480GB/2.5 inch/SATA/Đọc 510 MiB/s, Ghi 475 MiB/s) (0TS1650)",No,No,No,No,No,No,No,No,No,No,No,No,No,No,No,No,No,Yes,No,No,Yes,No,No,No,No,No,No,No,No,No,Yes,No,No,No,No,No,No,No,No
HDSA130,SSD Samsung PM883 (480GB/SATA 6.0 Gbps/2.5 inch) (MZ7LH480HAHQ-00005),No,No,No,No,No,No,No,No,No,No,No,No,No,Yes,No,No,No,No,No,No,No,No,Yes,No,No,No,No,No,No,No,Yes,No,No,No,No,No,No,No,No
HDIN043,Ổ cứng SSD Intel Optane 32GB M.2 2280 PCIe NVMe Gen 3x2 (Đọc 1350MB/s - Ghi 290MB/s),No,No,No,No,No,No,No,Yes,No,No,No,No,No,No,No,No,No,No,No,No,No,No,No,No,Yes,No,No,No,No,No,No,No,No,No,No,No,No,No,Yes
HDCO053,Ổ cứng SSD Corsair Force MP510 960GB M.2 2280 PCIe NVMe Gen 3x4 (Đọc 3480MB/s - Ghi 3000MB/s),No,No,No,Yes,No,No,No,No,No,No,No,No,No,No,No,No,No,No,No,No,No,No,Yes,No,No,No,No,No,No,No,No,No,No,Yes,No,No,No,No,Yes
HDPN015,Ổ cứng SSD PNY CS900 120GB 2.5: SATA3 (Đọc 515MB/s - Ghi 490MB/s),No,No,No,No,No,No,No,No,No,No,No,No,Yes,No,No,No,No,No,Yes,No,No,No,No,No,No,Yes,No,No,No,No,No,No,No,No,No,No,No,No,No
HDPT052,Ổ cứng SSD Plextor PX 256M9PeY 256GB M.2 2280 PCIe NVMe Gen 3x4 (Đọc 3200MB/s - Ghi 2000MB/s),No,No,No,No,No,No,No,No,No,No,No,Yes,No,No,No,No,No,No,No,No,No,No,No,No,No,No,No,No,No,Yes,No,No,No,No,No,No,No,No,Yes
HDKF011,Ổ cứng SSD KINGFAST F6 Pro 960GB Sata3 2.5 inch (Đọc 550MB/s - Ghi 480MB/s) - (F6Pro-960GB),No,No,No,No,No,No,No,No,Yes,No,No,No,No,No,No,No,No,No,No,No,Yes,No,No,No,No,No,No,No,No,No,No,No,No,Yes,No,No,No,No,No
HDIN055,Ổ cứng SSD Intel 660p M.2 2280 PCIe NVMe Gen 3.0x4 256GB (Đọc 1570Mhz/s - Ghi 540Mhz/s) - (SSDPEKKW256G7X1)  ,No,No,No,No,No,No,No,Yes,No,No,No,No,No,No,No,No,No,No,No,No,No,No,No,No,No,No,No,No,No,Yes,No,No,No,No,No,No,No,No,Yes
HDWD354,Ổ cứng SSD WD SN850 Black 500GB M.2 2280 PCIe NVMe 4x4 (Đọc 7000MB/s - Ghi 4100MB/s)-(WDS500G1X0E),No,No,No,No,No,No,No,No,No,No,No,No,No,No,No,No,No,Yes,No,No,No,Yes,No,No,No,No,No,No,No,No,No,Yes,No,No,No,No,No,No,Yes
