 danh muc  , hang san xuat  , khoang gia ,  dung luong ,  loai o cung 
- No Information,adata,duoi-1trieu,16-gb,25-sata
- No Information,apacer,1trieu-2trieu,32-gb,m2-sata
- No Information,avexir,2trieu-3trieu,120-gb,m2-nvme
- No Information,corsair,3trieu-4trieu,128-gb,- No Information
- No Information,crucial,tren-4trieu,240-gb,- No Information
- No Information,gigabyte,- No Information,250-gb,- No Information
- No Information,hp,- No Information,256-gb,- No Information
- No Information,intel,- No Information,480-gb,- No Information
- No Information,kingfast,- No Information,500-gb-1,- No Information
- No Information,kingmax,- No Information,512-gb,- No Information
- No Information,kingston,- No Information,960-gb,- No Information
- No Information,plextor,- No Information,1-tb-1,- No Information
- No Information,pny,- No Information,1-tb-1-1,- No Information
- No Information,samsung,- No Information,- No Information,- No Information
- No Information,seagate,- No Information,- No Information,- No Information
- No Information,siliconpower,- No Information,- No Information,- No Information
- No Information,team,- No Information,- No Information,- No Information
- No Information,westerndigital,- No Information,- No Information,- No Information
