 danh muc  , hang san xuat  , khoang gia ,  muc dich su dung ,  kich thuoc ,  do phan giai ,  tam nen man hinh ,  tan so ,  thoi gian dap ung ,  do sang ,  ket noi ,  be mat ,  mau sac hien thi ,  cong nghe dong bo ,  cam ung ,  dac diem khac 
man-hinh-asus,acer,duoi-2trieu,thiet-ke-do-hoa,15-inch,hd-1366x768-1,ips,60-hz-1,05ms,200-cdm,hdmi,man-hinh-phang,167-trieu-mau,amd-freesync,co-1-1,duoi-99-srgb
man-hinh-lenovo,aoc,2trieu-3trieu,gaming-1-1-1,156-inch,hd-1600x900-1,pls,75-hz,1ms,220-cdm,displayport,man-hinh-cong-1,107-ti-mau,nvidia-g-sync,khong-1-1,99-srgb
man-hinh-msi,asus,3trieu-5trieu,pho-thong-van-phong-1-1,17-inch,full-hd-1920x1080-1-1,va,100-hz,khac,240-cdm,dvi,- No Information,- No Information,- No Information,- No Information,tren-100-srgb
man-hinh-huntkey,benq,5trieu-7trieu,- No Information,185-inch,uwhd-2560x1080,tn,120-hz-1,4ms,250-cdm,vga,- No Information,- No Information,- No Information,- No Information,co-tich-hop-loa
man-hinh-gigabyte,bjx,7trieu-9trieu,- No Information,19-inch,wuxga-1920x1200,- No Information,144-hz-1,5ms,270-cdm,usb-1,- No Information,- No Information,- No Information,- No Information,- No Information
man-hinh-dell,bratech,9trieu-12trieu,- No Information,195-inch,qhd-2560x1440-1,- No Information,165-hz,6ms,280-cdm,usb-c,- No Information,- No Information,- No Information,- No Information,- No Information
man-hinh-lg,coolermaster,12trieu-15trieu,- No Information,207-inch,wqhd-3440x1440,- No Information,200-hz,7ms,300-cdm,thunder-bolt-3,- No Information,- No Information,- No Information,- No Information,- No Information
man-hinh-samsung,dell,15trieu-18trieu,- No Information,215-inch,wqhd3840-x-1600,- No Information,240-hz-1,8ms,330-cdm,- No Information,- No Information,- No Information,- No Information,- No Information,- No Information
man-hinh-aoc,fujitsu,18trieu-20trieu,- No Information,23-inch,dualqhd-5120x1440,- No Information,280-hz,12ms,350-cdm,- No Information,- No Information,- No Information,- No Information,- No Information,- No Information
man-hinh-viewsonic,gigabyte,20trieu-30trieu,- No Information,236-inch,4k-3840x2160-1,- No Information,- No Information,- No Information,370-cdm,- No Information,- No Information,- No Information,- No Information,- No Information,- No Information
man-hinh-hp,hkc,tren-30trieu,- No Information,238-inch,khac-1-1-1-1-1-1,- No Information,- No Information,- No Information,400-cdm,- No Information,- No Information,- No Information,- No Information,- No Information,- No Information
man-hinh-acer,hp,- No Information,- No Information,24-inch,- No Information,- No Information,- No Information,- No Information,450-cdm,- No Information,- No Information,- No Information,- No Information,- No Information,- No Information
man-hinh-benq,huntkey,- No Information,- No Information,245-inch,- No Information,- No Information,- No Information,- No Information,500-cdm,- No Information,- No Information,- No Information,- No Information,- No Information,- No Information
man-hinh-hang-khac,kinglight,- No Information,- No Information,25-inch,- No Information,- No Information,- No Information,- No Information,600-cdm,- No Information,- No Information,- No Information,- No Information,- No Information,- No Information
man-hinh-hkc,lenovo,- No Information,- No Information,27-inch,- No Information,- No Information,- No Information,- No Information,1000-cdm,- No Information,- No Information,- No Information,- No Information,- No Information,- No Information
phu-kien-ghep-man-hinh,lg,- No Information,- No Information,28-inch,- No Information,- No Information,- No Information,- No Information,- No Information,- No Information,- No Information,- No Information,- No Information,- No Information,- No Information
gia-treo-man-hinh,msi,- No Information,- No Information,29-inch,- No Information,- No Information,- No Information,- No Information,- No Information,- No Information,- No Information,- No Information,- No Information,- No Information,- No Information
- No Information,northbayou,- No Information,- No Information,30-inch,- No Information,- No Information,- No Information,- No Information,- No Information,- No Information,- No Information,- No Information,- No Information,- No Information,- No Information
- No Information,phillip,- No Information,- No Information,315-inch,- No Information,- No Information,- No Information,- No Information,- No Information,- No Information,- No Information,- No Information,- No Information,- No Information,- No Information
- No Information,samsung,- No Information,- No Information,32-inch,- No Information,- No Information,- No Information,- No Information,- No Information,- No Information,- No Information,- No Information,- No Information,- No Information,- No Information
- No Information,thinkview,- No Information,- No Information,34-inch,- No Information,- No Information,- No Information,- No Information,- No Information,- No Information,- No Information,- No Information,- No Information,- No Information,- No Information
- No Information,viewsonic,- No Information,- No Information,35-inch,- No Information,- No Information,- No Information,- No Information,- No Information,- No Information,- No Information,- No Information,- No Information,- No Information,- No Information
- No Information,- No Information,- No Information,- No Information,38-inch,- No Information,- No Information,- No Information,- No Information,- No Information,- No Information,- No Information,- No Information,- No Information,- No Information,- No Information
- No Information,- No Information,- No Information,- No Information,43-inch,- No Information,- No Information,- No Information,- No Information,- No Information,- No Information,- No Information,- No Information,- No Information,- No Information,- No Information
- No Information,- No Information,- No Information,- No Information,49-inch,- No Information,- No Information,- No Information,- No Information,- No Information,- No Information,- No Information,- No Information,- No Information,- No Information,- No Information
- No Information,- No Information,- No Information,- No Information,65-inch,- No Information,- No Information,- No Information,- No Information,- No Information,- No Information,- No Information,- No Information,- No Information,- No Information,- No Information
