 danh muc  , hang san xuat  , khoang gia ,  den led ,  ket noi ,  mau sac ,  thiet ke ,  chuan giao tiep 
chuot-choi-game,1stplayer,duoi-500ngan,rgb-led,co-day-1-1-1,den-1,thuan-tay-ergonomic,- No Information
chuot-may-tinh-gia-re,a4tech,500ngan-1trieu,don-led,wireless,trang-1-1,doi-xung-ambidextrous,- No Information
- No Information,ajazz,1trieu-2trieu,khong-co-1-1-1-1-1,bluetooth,khac-1-1-1,- No Information,- No Information
- No Information,akko,2trieu-4trieu,- No Information,- No Information,- No Information,- No Information,- No Information
- No Information,aoc,tren-4trieu,- No Information,- No Information,- No Information,- No Information,- No Information
- No Information,armaggeddon,- No Information,- No Information,- No Information,- No Information,- No Information,- No Information
- No Information,asrock,- No Information,- No Information,- No Information,- No Information,- No Information,- No Information
- No Information,asus,- No Information,- No Information,- No Information,- No Information,- No Information,- No Information
- No Information,benq,- No Information,- No Information,- No Information,- No Information,- No Information,- No Information
- No Information,bfriend,- No Information,- No Information,- No Information,- No Information,- No Information,- No Information
- No Information,bjx,- No Information,- No Information,- No Information,- No Information,- No Information,- No Information
- No Information,cidoo,- No Information,- No Information,- No Information,- No Information,- No Information,- No Information
- No Information,coolermaster,- No Information,- No Information,- No Information,- No Information,- No Information,- No Information
- No Information,corsair,- No Information,- No Information,- No Information,- No Information,- No Information,- No Information
- No Information,cougar,- No Information,- No Information,- No Information,- No Information,- No Information,- No Information
- No Information,dareu,- No Information,- No Information,- No Information,- No Information,- No Information,- No Information
- No Information,dell,- No Information,- No Information,- No Information,- No Information,- No Information,- No Information
- No Information,delux,- No Information,- No Information,- No Information,- No Information,- No Information,- No Information
- No Information,ducky,- No Information,- No Information,- No Information,- No Information,- No Information,- No Information
- No Information,durgod,- No Information,- No Information,- No Information,- No Information,- No Information,- No Information
- No Information,eblue,- No Information,- No Information,- No Information,- No Information,- No Information,- No Information
- No Information,edra,- No Information,- No Information,- No Information,- No Information,- No Information,- No Information
- No Information,foxxray,- No Information,- No Information,- No Information,- No Information,- No Information,- No Information
- No Information,fuhlen,- No Information,- No Information,- No Information,- No Information,- No Information,- No Information
- No Information,geezer,- No Information,- No Information,- No Information,- No Information,- No Information,- No Information
- No Information,genius,- No Information,- No Information,- No Information,- No Information,- No Information,- No Information
- No Information,gigabyte,- No Information,- No Information,- No Information,- No Information,- No Information,- No Information
- No Information,hangkhac,- No Information,- No Information,- No Information,- No Information,- No Information,- No Information
- No Information,irocks,- No Information,- No Information,- No Information,- No Information,- No Information,- No Information
- No Information,itek,- No Information,- No Information,- No Information,- No Information,- No Information,- No Information
- No Information,jupistar,- No Information,- No Information,- No Information,- No Information,- No Information,- No Information
- No Information,kingston,- No Information,- No Information,- No Information,- No Information,- No Information,- No Information
- No Information,lanjun,- No Information,- No Information,- No Information,- No Information,- No Information,- No Information
- No Information,logitech,- No Information,- No Information,- No Information,- No Information,- No Information,- No Information
- No Information,madcatz,- No Information,- No Information,- No Information,- No Information,- No Information,- No Information
- No Information,microsoft,- No Information,- No Information,- No Information,- No Information,- No Information,- No Information
- No Information,mofii,- No Information,- No Information,- No Information,- No Information,- No Information,- No Information
- No Information,motospeed,- No Information,- No Information,- No Information,- No Information,- No Information,- No Information
- No Information,msi,- No Information,- No Information,- No Information,- No Information,- No Information,- No Information
- No Information,newmen,- No Information,- No Information,- No Information,- No Information,- No Information,- No Information
- No Information,ozone,- No Information,- No Information,- No Information,- No Information,- No Information,- No Information
- No Information,rapoo,- No Information,- No Information,- No Information,- No Information,- No Information,- No Information
- No Information,razer,- No Information,- No Information,- No Information,- No Information,- No Information,- No Information
- No Information,roccat,- No Information,- No Information,- No Information,- No Information,- No Information,- No Information
- No Information,steelseries,- No Information,- No Information,- No Information,- No Information,- No Information,- No Information
- No Information,zowie,- No Information,- No Information,- No Information,- No Information,- No Information,- No Information
