 danh muc  , hang san xuat  , khoang gia ,  den led ,  ket noi ,  loai switch ,  kich co ,  mau sac ,  keycap ,  chuan ket noi ,  loai switch ,  thiet ke phim 
ban-phim-co,1stplayer,duoi-500ngan,rgb-led,co-day-1-1-1,blue-switch,full-size-1,den-1,abs,- No Information,cherry-mx-switch,thiet-ke-fullsize-104-phim
ban-phim-choi-game-thuong,a4tech,500ngan-1trieu,don-led,wireless,red-switch,tenkeyless-tkl,trang-1-1,pbt,- No Information,razer-switch,thiet-ke-tenkeyless-87-phim
ban-phim-gia-re,ajazz,1trieu-2trieu,khong-co-1-1-1-1-1,bluetooth,brown-switch,mini-1-1,khac-1-1-1,khac-1-1-1-1,- No Information,loai-switch-khac,thiet-ke-mini-60-phim
- No Information,akko,2trieu-4trieu,- No Information,- No Information,switch-khac,phim-so,- No Information,- No Information,- No Information,- No Information,- No Information
- No Information,aoc,tren-4trieu,- No Information,- No Information,- No Information,- No Information,- No Information,- No Information,- No Information,- No Information,- No Information
- No Information,asus,- No Information,- No Information,- No Information,- No Information,- No Information,- No Information,- No Information,- No Information,- No Information,- No Information
- No Information,bjx,- No Information,- No Information,- No Information,- No Information,- No Information,- No Information,- No Information,- No Information,- No Information,- No Information
- No Information,coolermaster,- No Information,- No Information,- No Information,- No Information,- No Information,- No Information,- No Information,- No Information,- No Information,- No Information
- No Information,corsair,- No Information,- No Information,- No Information,- No Information,- No Information,- No Information,- No Information,- No Information,- No Information,- No Information
- No Information,dareu,- No Information,- No Information,- No Information,- No Information,- No Information,- No Information,- No Information,- No Information,- No Information,- No Information
- No Information,dell,- No Information,- No Information,- No Information,- No Information,- No Information,- No Information,- No Information,- No Information,- No Information,- No Information
- No Information,delux,- No Information,- No Information,- No Information,- No Information,- No Information,- No Information,- No Information,- No Information,- No Information,- No Information
- No Information,ducky,- No Information,- No Information,- No Information,- No Information,- No Information,- No Information,- No Information,- No Information,- No Information,- No Information
- No Information,durgod,- No Information,- No Information,- No Information,- No Information,- No Information,- No Information,- No Information,- No Information,- No Information,- No Information
- No Information,eblue,- No Information,- No Information,- No Information,- No Information,- No Information,- No Information,- No Information,- No Information,- No Information,- No Information
- No Information,edra,- No Information,- No Information,- No Information,- No Information,- No Information,- No Information,- No Information,- No Information,- No Information,- No Information
- No Information,filco,- No Information,- No Information,- No Information,- No Information,- No Information,- No Information,- No Information,- No Information,- No Information,- No Information
- No Information,fuhlen,- No Information,- No Information,- No Information,- No Information,- No Information,- No Information,- No Information,- No Information,- No Information,- No Information
- No Information,geezer,- No Information,- No Information,- No Information,- No Information,- No Information,- No Information,- No Information,- No Information,- No Information,- No Information
- No Information,genius,- No Information,- No Information,- No Information,- No Information,- No Information,- No Information,- No Information,- No Information,- No Information,- No Information
- No Information,gigabyte,- No Information,- No Information,- No Information,- No Information,- No Information,- No Information,- No Information,- No Information,- No Information,- No Information
- No Information,gskill,- No Information,- No Information,- No Information,- No Information,- No Information,- No Information,- No Information,- No Information,- No Information,- No Information
- No Information,hangkhac,- No Information,- No Information,- No Information,- No Information,- No Information,- No Information,- No Information,- No Information,- No Information,- No Information
- No Information,ikbc,- No Information,- No Information,- No Information,- No Information,- No Information,- No Information,- No Information,- No Information,- No Information,- No Information
- No Information,irocks,- No Information,- No Information,- No Information,- No Information,- No Information,- No Information,- No Information,- No Information,- No Information,- No Information
- No Information,jupistar,- No Information,- No Information,- No Information,- No Information,- No Information,- No Information,- No Information,- No Information,- No Information,- No Information
- No Information,keychron,- No Information,- No Information,- No Information,- No Information,- No Information,- No Information,- No Information,- No Information,- No Information,- No Information
- No Information,kingston,- No Information,- No Information,- No Information,- No Information,- No Information,- No Information,- No Information,- No Information,- No Information,- No Information
- No Information,lanjun,- No Information,- No Information,- No Information,- No Information,- No Information,- No Information,- No Information,- No Information,- No Information,- No Information
- No Information,leopold,- No Information,- No Information,- No Information,- No Information,- No Information,- No Information,- No Information,- No Information,- No Information,- No Information
- No Information,logitech,- No Information,- No Information,- No Information,- No Information,- No Information,- No Information,- No Information,- No Information,- No Information,- No Information
- No Information,madcatz,- No Information,- No Information,- No Information,- No Information,- No Information,- No Information,- No Information,- No Information,- No Information,- No Information
- No Information,microsoft,- No Information,- No Information,- No Information,- No Information,- No Information,- No Information,- No Information,- No Information,- No Information,- No Information
- No Information,mionix,- No Information,- No Information,- No Information,- No Information,- No Information,- No Information,- No Information,- No Information,- No Information,- No Information
- No Information,mistel,- No Information,- No Information,- No Information,- No Information,- No Information,- No Information,- No Information,- No Information,- No Information,- No Information
- No Information,mofii,- No Information,- No Information,- No Information,- No Information,- No Information,- No Information,- No Information,- No Information,- No Information,- No Information
- No Information,motospeed,- No Information,- No Information,- No Information,- No Information,- No Information,- No Information,- No Information,- No Information,- No Information,- No Information
- No Information,msi,- No Information,- No Information,- No Information,- No Information,- No Information,- No Information,- No Information,- No Information,- No Information,- No Information
- No Information,newmen,- No Information,- No Information,- No Information,- No Information,- No Information,- No Information,- No Information,- No Information,- No Information,- No Information
- No Information,ozone,- No Information,- No Information,- No Information,- No Information,- No Information,- No Information,- No Information,- No Information,- No Information,- No Information
- No Information,razer,- No Information,- No Information,- No Information,- No Information,- No Information,- No Information,- No Information,- No Information,- No Information,- No Information
- No Information,realforce,- No Information,- No Information,- No Information,- No Information,- No Information,- No Information,- No Information,- No Information,- No Information,- No Information
- No Information,roccat,- No Information,- No Information,- No Information,- No Information,- No Information,- No Information,- No Information,- No Information,- No Information,- No Information
- No Information,seagate,- No Information,- No Information,- No Information,- No Information,- No Information,- No Information,- No Information,- No Information,- No Information,- No Information
- No Information,steelseries,- No Information,- No Information,- No Information,- No Information,- No Information,- No Information,- No Information,- No Information,- No Information,- No Information
- No Information,tesoro,- No Information,- No Information,- No Information,- No Information,- No Information,- No Information,- No Information,- No Information,- No Information,- No Information
- No Information,tex,- No Information,- No Information,- No Information,- No Information,- No Information,- No Information,- No Information,- No Information,- No Information,- No Information
- No Information,varmilo,- No Information,- No Information,- No Information,- No Information,- No Information,- No Information,- No Information,- No Information,- No Information,- No Information
- No Information,vortex,- No Information,- No Information,- No Information,- No Information,- No Information,- No Information,- No Information,- No Information,- No Information,- No Information
- No Information,zidli,- No Information,- No Information,- No Information,- No Information,- No Information,- No Information,- No Information,- No Information,- No Information,- No Information
