 danh muc  , hang san xuat  , khoang gia ,  cong suat ,  chuan nguon ,  kieu day nguon ,  so chan nguon 24pin mainboard ,  so chan nguon 4+4 pin cpu ,  so chan nguon pci-e 6+2 vga ,  so chan nguon sata  ,  so chan nguon ide molex ,  kich co nguon 
- No Information,acbel,duoi-2trieu,duoi-400w,80-plus,non-modular-day-lien-toan-bo,1-1,1-1-1,7-1,1-4,1-5-1-1-1,sfx
- No Information,aerocool,2trieu-4trieu,400w-550w,80-plus-bronze,full-modular-day-roi-toan-bo,- No Information,2-1-1,1-2,5-8,6-10-1-1-1,flex-atx
- No Information,asus,4trieu-8trieu,550w-650w,80-plus-gold,semi-modular-day-roi-tru-24-pin-8-pin,- No Information,- No Information,3-4,9-12,- No Information,atx-1
- No Information,cisco,tren-8trieu,650w-800w,80-plus-platinum,- No Information,- No Information,- No Information,5-6,13-16,- No Information,- No Information
- No Information,coolermaster,- No Information,800w-1000w,80-plus-titanium,- No Information,- No Information,- No Information,- No Information,- No Information,- No Information,- No Information
- No Information,corsair,- No Information,tren-1000w,- No Information,- No Information,- No Information,- No Information,- No Information,- No Information,- No Information,- No Information
- No Information,fsp,- No Information,- No Information,- No Information,- No Information,- No Information,- No Information,- No Information,- No Information,- No Information,- No Information
- No Information,gamemax,- No Information,- No Information,- No Information,- No Information,- No Information,- No Information,- No Information,- No Information,- No Information,- No Information
- No Information,gigabyte,- No Information,- No Information,- No Information,- No Information,- No Information,- No Information,- No Information,- No Information,- No Information,- No Information
- No Information,hangkhac,- No Information,- No Information,- No Information,- No Information,- No Information,- No Information,- No Information,- No Information,- No Information,- No Information
- No Information,jetek,- No Information,- No Information,- No Information,- No Information,- No Information,- No Information,- No Information,- No Information,- No Information,- No Information
- No Information,jupistar,- No Information,- No Information,- No Information,- No Information,- No Information,- No Information,- No Information,- No Information,- No Information,- No Information
- No Information,kenoo,- No Information,- No Information,- No Information,- No Information,- No Information,- No Information,- No Information,- No Information,- No Information,- No Information
- No Information,sama,- No Information,- No Information,- No Information,- No Information,- No Information,- No Information,- No Information,- No Information,- No Information,- No Information
- No Information,seasonic,- No Information,- No Information,- No Information,- No Information,- No Information,- No Information,- No Information,- No Information,- No Information,- No Information
- No Information,silverstone,- No Information,- No Information,- No Information,- No Information,- No Information,- No Information,- No Information,- No Information,- No Information,- No Information
- No Information,superflower,- No Information,- No Information,- No Information,- No Information,- No Information,- No Information,- No Information,- No Information,- No Information,- No Information
- No Information,thermaltake,- No Information,- No Information,- No Information,- No Information,- No Information,- No Information,- No Information,- No Information,- No Information,- No Information
- No Information,xigmatek,- No Information,- No Information,- No Information,- No Information,- No Information,- No Information,- No Information,- No Information,- No Information,- No Information
- No Information,xtech,- No Information,- No Information,- No Information,- No Information,- No Information,- No Information,- No Information,- No Information,- No Information,- No Information
