 danh muc  , hang san xuat  , khoang gia 
quat-tan-nhiet,alphacool,duoi-100ngan
cooling-tan-nhiet,ambino,100ngan-200ngan
tan-nhiet-nuoc,amd,200ngan-300ngan
linh-phu-kien-tan-nhiet-nuoc,antec,300ngan-400ngan
cac-san-pham-moding,arctic,400ngan-500ngan
- No Information,asus,500ngan-1trieu
- No Information,barrow,1trieu-2trieu
- No Information,bitspower,2trieu-3trieu
- No Information,bykski,3trieu-4trieu
- No Information,coolermaster,tren-4trieu
- No Information,coolmoon,- No Information
- No Information,corsair,- No Information
- No Information,cougar,- No Information
- No Information,deepcool,- No Information
- No Information,ekwb,- No Information
- No Information,forgame,- No Information
- No Information,freezemod,- No Information
- No Information,gamemax,- No Information
- No Information,gigabyte,- No Information
- No Information,hangkhac,- No Information
- No Information,idcooling,- No Information
- No Information,intel,- No Information
- No Information,jonsbo,- No Information
- No Information,lianli,- No Information
- No Information,msi,- No Information
- No Information,noctua,- No Information
- No Information,nzxt,- No Information
- No Information,raijintek,- No Information
- No Information,supermicro,- No Information
- No Information,thermalright,- No Information
- No Information,thermaltake,- No Information
- No Information,vitradragon,- No Information
- No Information,xigmatek,- No Information
- No Information,xspc,- No Information
- No Information,xtech,- No Information
- No Information,zalman,- No Information
